#ID;Baum-ID;Baumart;Baumart-Code;Beschrieb/BaumNr;Gruppierungsmerkmal;BHD [cm];Schaftlänge [m];Längenklasse;Stärkenklasse;Position Sortimentsbasis am Stamm [m];Länge [m];Basis-Drm OR;Mitten-Durchm. OR [cm];Zopf-Durchm. OR [cm];Volumen OR [m3];Volumen IR [m3];Volumen Reststück Unten OR [m3];Volumen RestStück Oben OR [m3];Wert [CHF];
1;1;Fichte;100;Fichte_1_1;2010;32.0;29.0;Restholz 1 unten;Restholz 1 unten;0.3;25.43;32.37;22.29;7.01;0.96;1.07;0.0;0.0;48.24;
2;1;Fichte;100;Fichte_1_1;2010;32.0;29.0;Restholz 2;Restholz 2;25.73;3.27;7.01;3.78;0.0;0.0;0.01;0.0;0.0;0.23;
#Summe:;1;Fichte;100;Fichte_1_1;2010;32.0;29.0;;;;;;;;0.97;1.08;;;48.46;
#
3;2;Fichte;100;Fichte_2_2;2010;32.0;29.0;Restholz 1 unten;Restholz 1 unten;0.3;25.43;32.37;22.29;7.01;0.96;1.07;0.0;0.0;48.24;
4;2;Fichte;100;Fichte_2_2;2010;32.0;29.0;Restholz 2;Restholz 2;25.73;3.27;7.01;3.78;0.0;0.0;0.01;0.0;0.0;0.23;
#Summe:;2;Fichte;100;Fichte_2_2;2010;32.0;29.0;;;;;;;;0.97;1.08;;;48.46;
#
5;3;Fichte;100;Fichte_3_3;2010;32.0;29.0;Restholz 1 unten;Restholz 1 unten;0.3;25.43;32.37;22.29;7.01;0.96;1.07;0.0;0.0;48.24;
6;3;Fichte;100;Fichte_3_3;2010;32.0;29.0;Restholz 2;Restholz 2;25.73;3.27;7.01;3.78;0.0;0.0;0.01;0.0;0.0;0.23;
#Summe:;3;Fichte;100;Fichte_3_3;2010;32.0;29.0;;;;;;;;0.97;1.08;;;48.46;
#
7;4;Tanne;101;Tanne_1_4;2010;32.0;29.0;Restholz 1 unten;Restholz 1 unten;0.3;26.25;31.57;22.23;7.03;1.0;1.13;0.0;0.0;50.06;
8;4;Tanne;101;Tanne_1_4;2010;32.0;29.0;Restholz 2;Restholz 2;26.55;2.45;7.03;3.85;0.0;0.0;0.0;0.0;0.0;0.17;
#Summe:;4;Tanne;101;Tanne_1_4;2010;32.0;29.0;;;;;;;;1.0;1.13;;;50.23;
#
9;5;Tanne;101;Tanne_2_5;2010;32.0;29.0;Restholz 1 unten;Restholz 1 unten;0.3;26.25;31.57;22.23;7.03;1.0;1.13;0.0;0.0;50.06;
10;5;Tanne;101;Tanne_2_5;2010;32.0;29.0;Restholz 2;Restholz 2;26.55;2.45;7.03;3.85;0.0;0.0;0.0;0.0;0.0;0.17;
#Summe:;5;Tanne;101;Tanne_2_5;2010;32.0;29.0;;;;;;;;1.0;1.13;;;50.23;
#
11;6;Fichte;100;Fichte_1_6;2010;32.0;29.0;Restholz 1 unten;Restholz 1 unten;0.3;25.43;32.37;22.29;7.01;0.96;1.07;0.0;0.0;48.24;
12;6;Fichte;100;Fichte_1_6;2010;32.0;29.0;Restholz 2;Restholz 2;25.73;3.27;7.01;3.78;0.0;0.0;0.01;0.0;0.0;0.23;
#Summe:;6;Fichte;100;Fichte_1_6;2010;32.0;29.0;;;;;;;;0.97;1.08;;;48.46;
#
13;7;Fichte;100;Fichte_2_7;2010;32.0;29.0;Restholz 1 unten;Restholz 1 unten;0.3;25.43;32.37;22.29;7.01;0.96;1.07;0.0;0.0;48.24;
14;7;Fichte;100;Fichte_2_7;2010;32.0;29.0;Restholz 2;Restholz 2;25.73;3.27;7.01;3.78;0.0;0.0;0.01;0.0;0.0;0.23;
#Summe:;7;Fichte;100;Fichte_2_7;2010;32.0;29.0;;;;;;;;0.97;1.08;;;48.46;
#
15;8;Fichte;100;Fichte_3_8;2010;32.0;29.0;Restholz 1 unten;Restholz 1 unten;0.3;25.43;32.37;22.29;7.01;0.96;1.07;0.0;0.0;48.24;
16;8;Fichte;100;Fichte_3_8;2010;32.0;29.0;Restholz 2;Restholz 2;25.73;3.27;7.01;3.78;0.0;0.0;0.01;0.0;0.0;0.23;
#Summe:;8;Fichte;100;Fichte_3_8;2010;32.0;29.0;;;;;;;;0.97;1.08;;;48.46;
#
17;9;Tanne;101;Tanne_1_9;2010;32.0;29.0;Restholz 1 unten;Restholz 1 unten;0.3;26.25;31.57;22.23;7.03;1.0;1.13;0.0;0.0;50.06;
18;9;Tanne;101;Tanne_1_9;2010;32.0;29.0;Restholz 2;Restholz 2;26.55;2.45;7.03;3.85;0.0;0.0;0.0;0.0;0.0;0.17;
#Summe:;9;Tanne;101;Tanne_1_9;2010;32.0;29.0;;;;;;;;1.0;1.13;;;50.23;
#
19;10;Tanne;101;Tanne_2_10;2010;32.0;29.0;Restholz 1 unten;Restholz 1 unten;0.3;26.25;31.57;22.23;7.03;1.0;1.13;0.0;0.0;50.06;
20;10;Tanne;101;Tanne_2_10;2010;32.0;29.0;Restholz 2;Restholz 2;26.55;2.45;7.03;3.85;0.0;0.0;0.0;0.0;0.0;0.17;
#Summe:;10;Tanne;101;Tanne_2_10;2010;32.0;29.0;;;;;;;;1.0;1.13;;;50.23;
#
21;11;Fichte;100;Fichte_1_11;2010;32.0;29.0;Restholz 1 unten;Restholz 1 unten;0.3;25.43;32.37;22.29;7.01;0.96;1.07;0.0;0.0;48.24;
22;11;Fichte;100;Fichte_1_11;2010;32.0;29.0;Restholz 2;Restholz 2;25.73;3.27;7.01;3.78;0.0;0.0;0.01;0.0;0.0;0.23;
#Summe:;11;Fichte;100;Fichte_1_11;2010;32.0;29.0;;;;;;;;0.97;1.08;;;48.46;
#
23;12;Fichte;100;Fichte_2_12;2010;32.0;29.0;Restholz 1 unten;Restholz 1 unten;0.3;25.43;32.37;22.29;7.01;0.96;1.07;0.0;0.0;48.24;
24;12;Fichte;100;Fichte_2_12;2010;32.0;29.0;Restholz 2;Restholz 2;25.73;3.27;7.01;3.78;0.0;0.0;0.01;0.0;0.0;0.23;
#Summe:;12;Fichte;100;Fichte_2_12;2010;32.0;29.0;;;;;;;;0.97;1.08;;;48.46;
#
25;13;Fichte;100;Fichte_3_13;2010;32.0;29.0;Restholz 1 unten;Restholz 1 unten;0.3;25.43;32.37;22.29;7.01;0.96;1.07;0.0;0.0;48.24;
26;13;Fichte;100;Fichte_3_13;2010;32.0;29.0;Restholz 2;Restholz 2;25.73;3.27;7.01;3.78;0.0;0.0;0.01;0.0;0.0;0.23;
#Summe:;13;Fichte;100;Fichte_3_13;2010;32.0;29.0;;;;;;;;0.97;1.08;;;48.46;
#
27;14;Tanne;101;Tanne_1_14;2010;32.0;29.0;Restholz 1 unten;Restholz 1 unten;0.3;26.25;31.57;22.23;7.03;1.0;1.13;0.0;0.0;50.06;
28;14;Tanne;101;Tanne_1_14;2010;32.0;29.0;Restholz 2;Restholz 2;26.55;2.45;7.03;3.85;0.0;0.0;0.0;0.0;0.0;0.17;
#Summe:;14;Tanne;101;Tanne_1_14;2010;32.0;29.0;;;;;;;;1.0;1.13;;;50.23;
#
29;15;Tanne;101;Tanne_2_15;2010;32.0;29.0;Restholz 1 unten;Restholz 1 unten;0.3;26.25;31.57;22.23;7.03;1.0;1.13;0.0;0.0;50.06;
30;15;Tanne;101;Tanne_2_15;2010;32.0;29.0;Restholz 2;Restholz 2;26.55;2.45;7.03;3.85;0.0;0.0;0.0;0.0;0.0;0.17;
#Summe:;15;Tanne;101;Tanne_2_15;2010;32.0;29.0;;;;;;;;1.0;1.13;;;50.23;
#
31;16;Fichte;100;Fichte_1_16;2010;32.0;29.0;Restholz 1 unten;Restholz 1 unten;0.3;25.43;32.37;22.29;7.01;0.96;1.07;0.0;0.0;48.24;
32;16;Fichte;100;Fichte_1_16;2010;32.0;29.0;Restholz 2;Restholz 2;25.73;3.27;7.01;3.78;0.0;0.0;0.01;0.0;0.0;0.23;
#Summe:;16;Fichte;100;Fichte_1_16;2010;32.0;29.0;;;;;;;;0.97;1.08;;;48.46;
#
33;17;Fichte;100;Fichte_2_17;2010;32.0;29.0;Restholz 1 unten;Restholz 1 unten;0.3;25.43;32.37;22.29;7.01;0.96;1.07;0.0;0.0;48.24;
34;17;Fichte;100;Fichte_2_17;2010;32.0;29.0;Restholz 2;Restholz 2;25.73;3.27;7.01;3.78;0.0;0.0;0.01;0.0;0.0;0.23;
#Summe:;17;Fichte;100;Fichte_2_17;2010;32.0;29.0;;;;;;;;0.97;1.08;;;48.46;
#
35;18;Fichte;100;Fichte_3_18;2010;32.0;29.0;Restholz 1 unten;Restholz 1 unten;0.3;25.43;32.37;22.29;7.01;0.96;1.07;0.0;0.0;48.24;
36;18;Fichte;100;Fichte_3_18;2010;32.0;29.0;Restholz 2;Restholz 2;25.73;3.27;7.01;3.78;0.0;0.0;0.01;0.0;0.0;0.23;
#Summe:;18;Fichte;100;Fichte_3_18;2010;32.0;29.0;;;;;;;;0.97;1.08;;;48.46;
#
37;19;Tanne;101;Tanne_1_19;2010;32.0;29.0;Restholz 1 unten;Restholz 1 unten;0.3;26.25;31.57;22.23;7.03;1.0;1.13;0.0;0.0;50.06;
38;19;Tanne;101;Tanne_1_19;2010;32.0;29.0;Restholz 2;Restholz 2;26.55;2.45;7.03;3.85;0.0;0.0;0.0;0.0;0.0;0.17;
#Summe:;19;Tanne;101;Tanne_1_19;2010;32.0;29.0;;;;;;;;1.0;1.13;;;50.23;
#
39;20;Tanne;101;Tanne_2_20;2010;32.0;29.0;Restholz 1 unten;Restholz 1 unten;0.3;26.25;31.57;22.23;7.03;1.0;1.13;0.0;0.0;50.06;
40;20;Tanne;101;Tanne_2_20;2010;32.0;29.0;Restholz 2;Restholz 2;26.55;2.45;7.03;3.85;0.0;0.0;0.0;0.0;0.0;0.17;
#Summe:;20;Tanne;101;Tanne_2_20;2010;32.0;29.0;;;;;;;;1.0;1.13;;;50.23;
#
41;21;Fichte;100;Fichte_1_21;2010;32.0;29.0;Restholz 1 unten;Restholz 1 unten;0.3;25.43;32.37;22.29;7.01;0.96;1.07;0.0;0.0;48.24;
42;21;Fichte;100;Fichte_1_21;2010;32.0;29.0;Restholz 2;Restholz 2;25.73;3.27;7.01;3.78;0.0;0.0;0.01;0.0;0.0;0.23;
#Summe:;21;Fichte;100;Fichte_1_21;2010;32.0;29.0;;;;;;;;0.97;1.08;;;48.46;
#
43;22;Fichte;100;Fichte_2_22;2010;32.0;29.0;Restholz 1 unten;Restholz 1 unten;0.3;25.43;32.37;22.29;7.01;0.96;1.07;0.0;0.0;48.24;
44;22;Fichte;100;Fichte_2_22;2010;32.0;29.0;Restholz 2;Restholz 2;25.73;3.27;7.01;3.78;0.0;0.0;0.01;0.0;0.0;0.23;
#Summe:;22;Fichte;100;Fichte_2_22;2010;32.0;29.0;;;;;;;;0.97;1.08;;;48.46;
#
45;23;Fichte;100;Fichte_3_23;2010;32.0;29.0;Restholz 1 unten;Restholz 1 unten;0.3;25.43;32.37;22.29;7.01;0.96;1.07;0.0;0.0;48.24;
46;23;Fichte;100;Fichte_3_23;2010;32.0;29.0;Restholz 2;Restholz 2;25.73;3.27;7.01;3.78;0.0;0.0;0.01;0.0;0.0;0.23;
#Summe:;23;Fichte;100;Fichte_3_23;2010;32.0;29.0;;;;;;;;0.97;1.08;;;48.46;
#
47;24;Tanne;101;Tanne_1_24;2010;32.0;29.0;Restholz 1 unten;Restholz 1 unten;0.3;26.25;31.57;22.23;7.03;1.0;1.13;0.0;0.0;50.06;
48;24;Tanne;101;Tanne_1_24;2010;32.0;29.0;Restholz 2;Restholz 2;26.55;2.45;7.03;3.85;0.0;0.0;0.0;0.0;0.0;0.17;
#Summe:;24;Tanne;101;Tanne_1_24;2010;32.0;29.0;;;;;;;;1.0;1.13;;;50.23;
#
49;25;Tanne;101;Tanne_2_25;2010;32.0;29.0;Restholz 1 unten;Restholz 1 unten;0.3;26.25;31.57;22.23;7.03;1.0;1.13;0.0;0.0;50.06;
50;25;Tanne;101;Tanne_2_25;2010;32.0;29.0;Restholz 2;Restholz 2;26.55;2.45;7.03;3.85;0.0;0.0;0.0;0.0;0.0;0.17;
#Summe:;25;Tanne;101;Tanne_2_25;2010;32.0;29.0;;;;;;;;1.0;1.13;;;50.23;
#
51;26;Fichte;100;Fichte_1_26;2010;32.0;29.0;Restholz 1 unten;Restholz 1 unten;0.3;25.43;32.37;22.29;7.01;0.96;1.07;0.0;0.0;48.24;
52;26;Fichte;100;Fichte_1_26;2010;32.0;29.0;Restholz 2;Restholz 2;25.73;3.27;7.01;3.78;0.0;0.0;0.01;0.0;0.0;0.23;
#Summe:;26;Fichte;100;Fichte_1_26;2010;32.0;29.0;;;;;;;;0.97;1.08;;;48.46;
#
53;27;Fichte;100;Fichte_2_27;2010;32.0;29.0;Restholz 1 unten;Restholz 1 unten;0.3;25.43;32.37;22.29;7.01;0.96;1.07;0.0;0.0;48.24;
54;27;Fichte;100;Fichte_2_27;2010;32.0;29.0;Restholz 2;Restholz 2;25.73;3.27;7.01;3.78;0.0;0.0;0.01;0.0;0.0;0.23;
#Summe:;27;Fichte;100;Fichte_2_27;2010;32.0;29.0;;;;;;;;0.97;1.08;;;48.46;
#
55;28;Fichte;100;Fichte_3_28;2010;32.0;29.0;Restholz 1 unten;Restholz 1 unten;0.3;25.43;32.37;22.29;7.01;0.96;1.07;0.0;0.0;48.24;
56;28;Fichte;100;Fichte_3_28;2010;32.0;29.0;Restholz 2;Restholz 2;25.73;3.27;7.01;3.78;0.0;0.0;0.01;0.0;0.0;0.23;
#Summe:;28;Fichte;100;Fichte_3_28;2010;32.0;29.0;;;;;;;;0.97;1.08;;;48.46;
#
57;29;Tanne;101;Tanne_1_29;2010;32.0;29.0;Restholz 1 unten;Restholz 1 unten;0.3;26.25;31.57;22.23;7.03;1.0;1.13;0.0;0.0;50.06;
58;29;Tanne;101;Tanne_1_29;2010;32.0;29.0;Restholz 2;Restholz 2;26.55;2.45;7.03;3.85;0.0;0.0;0.0;0.0;0.0;0.17;
#Summe:;29;Tanne;101;Tanne_1_29;2010;32.0;29.0;;;;;;;;1.0;1.13;;;50.23;
#
59;30;Tanne;101;Tanne_2_30;2010;32.0;29.0;Restholz 1 unten;Restholz 1 unten;0.3;26.25;31.57;22.23;7.03;1.0;1.13;0.0;0.0;50.06;
60;30;Tanne;101;Tanne_2_30;2010;32.0;29.0;Restholz 2;Restholz 2;26.55;2.45;7.03;3.85;0.0;0.0;0.0;0.0;0.0;0.17;
#Summe:;30;Tanne;101;Tanne_2_30;2010;32.0;29.0;;;;;;;;1.0;1.13;;;50.23;
#
61;31;Fichte;100;Fichte_1_31;2010;32.0;29.0;Restholz 1 unten;Restholz 1 unten;0.3;25.43;32.37;22.29;7.01;0.96;1.07;0.0;0.0;48.24;
62;31;Fichte;100;Fichte_1_31;2010;32.0;29.0;Restholz 2;Restholz 2;25.73;3.27;7.01;3.78;0.0;0.0;0.01;0.0;0.0;0.23;
#Summe:;31;Fichte;100;Fichte_1_31;2010;32.0;29.0;;;;;;;;0.97;1.08;;;48.46;
#
63;32;Fichte;100;Fichte_2_32;2010;32.0;29.0;Restholz 1 unten;Restholz 1 unten;0.3;25.43;32.37;22.29;7.01;0.96;1.07;0.0;0.0;48.24;
64;32;Fichte;100;Fichte_2_32;2010;32.0;29.0;Restholz 2;Restholz 2;25.73;3.27;7.01;3.78;0.0;0.0;0.01;0.0;0.0;0.23;
#Summe:;32;Fichte;100;Fichte_2_32;2010;32.0;29.0;;;;;;;;0.97;1.08;;;48.46;
#
65;33;Fichte;100;Fichte_3_33;2010;32.0;29.0;Restholz 1 unten;Restholz 1 unten;0.3;25.43;32.37;22.29;7.01;0.96;1.07;0.0;0.0;48.24;
66;33;Fichte;100;Fichte_3_33;2010;32.0;29.0;Restholz 2;Restholz 2;25.73;3.27;7.01;3.78;0.0;0.0;0.01;0.0;0.0;0.23;
#Summe:;33;Fichte;100;Fichte_3_33;2010;32.0;29.0;;;;;;;;0.97;1.08;;;48.46;
#
67;34;Tanne;101;Tanne_1_34;2010;32.0;29.0;Restholz 1 unten;Restholz 1 unten;0.3;26.25;31.57;22.23;7.03;1.0;1.13;0.0;0.0;50.06;
68;34;Tanne;101;Tanne_1_34;2010;32.0;29.0;Restholz 2;Restholz 2;26.55;2.45;7.03;3.85;0.0;0.0;0.0;0.0;0.0;0.17;
#Summe:;34;Tanne;101;Tanne_1_34;2010;32.0;29.0;;;;;;;;1.0;1.13;;;50.23;
#
69;35;Tanne;101;Tanne_2_35;2010;32.0;29.0;Restholz 1 unten;Restholz 1 unten;0.3;26.25;31.57;22.23;7.03;1.0;1.13;0.0;0.0;50.06;
70;35;Tanne;101;Tanne_2_35;2010;32.0;29.0;Restholz 2;Restholz 2;26.55;2.45;7.03;3.85;0.0;0.0;0.0;0.0;0.0;0.17;
#Summe:;35;Tanne;101;Tanne_2_35;2010;32.0;29.0;;;;;;;;1.0;1.13;;;50.23;
#
71;36;Fichte;100;Fichte_1_36;2010;32.0;29.0;Restholz 1 unten;Restholz 1 unten;0.3;25.43;32.37;22.29;7.01;0.96;1.07;0.0;0.0;48.24;
72;36;Fichte;100;Fichte_1_36;2010;32.0;29.0;Restholz 2;Restholz 2;25.73;3.27;7.01;3.78;0.0;0.0;0.01;0.0;0.0;0.23;
#Summe:;36;Fichte;100;Fichte_1_36;2010;32.0;29.0;;;;;;;;0.97;1.08;;;48.46;
#
73;37;Fichte;100;Fichte_2_37;2010;32.0;29.0;Restholz 1 unten;Restholz 1 unten;0.3;25.43;32.37;22.29;7.01;0.96;1.07;0.0;0.0;48.24;
74;37;Fichte;100;Fichte_2_37;2010;32.0;29.0;Restholz 2;Restholz 2;25.73;3.27;7.01;3.78;0.0;0.0;0.01;0.0;0.0;0.23;
#Summe:;37;Fichte;100;Fichte_2_37;2010;32.0;29.0;;;;;;;;0.97;1.08;;;48.46;
#
75;38;Fichte;100;Fichte_3_38;2010;32.0;29.0;Restholz 1 unten;Restholz 1 unten;0.3;25.43;32.37;22.29;7.01;0.96;1.07;0.0;0.0;48.24;
76;38;Fichte;100;Fichte_3_38;2010;32.0;29.0;Restholz 2;Restholz 2;25.73;3.27;7.01;3.78;0.0;0.0;0.01;0.0;0.0;0.23;
#Summe:;38;Fichte;100;Fichte_3_38;2010;32.0;29.0;;;;;;;;0.97;1.08;;;48.46;
#
77;39;Tanne;101;Tanne_1_39;2010;32.0;29.0;Restholz 1 unten;Restholz 1 unten;0.3;26.25;31.57;22.23;7.03;1.0;1.13;0.0;0.0;50.06;
78;39;Tanne;101;Tanne_1_39;2010;32.0;29.0;Restholz 2;Restholz 2;26.55;2.45;7.03;3.85;0.0;0.0;0.0;0.0;0.0;0.17;
#Summe:;39;Tanne;101;Tanne_1_39;2010;32.0;29.0;;;;;;;;1.0;1.13;;;50.23;
#
79;40;Tanne;101;Tanne_2_40;2010;32.0;29.0;Restholz 1 unten;Restholz 1 unten;0.3;26.25;31.57;22.23;7.03;1.0;1.13;0.0;0.0;50.06;
80;40;Tanne;101;Tanne_2_40;2010;32.0;29.0;Restholz 2;Restholz 2;26.55;2.45;7.03;3.85;0.0;0.0;0.0;0.0;0.0;0.17;
#Summe:;40;Tanne;101;Tanne_2_40;2010;32.0;29.0;;;;;;;;1.0;1.13;;;50.23;
#
81;41;Fichte;100;Fichte_1_41;2010;32.0;29.0;Restholz 1 unten;Restholz 1 unten;0.3;25.43;32.37;22.29;7.01;0.96;1.07;0.0;0.0;48.24;
82;41;Fichte;100;Fichte_1_41;2010;32.0;29.0;Restholz 2;Restholz 2;25.73;3.27;7.01;3.78;0.0;0.0;0.01;0.0;0.0;0.23;
#Summe:;41;Fichte;100;Fichte_1_41;2010;32.0;29.0;;;;;;;;0.97;1.08;;;48.46;
#
83;42;Fichte;100;Fichte_2_42;2010;32.0;29.0;Restholz 1 unten;Restholz 1 unten;0.3;25.43;32.37;22.29;7.01;0.96;1.07;0.0;0.0;48.24;
84;42;Fichte;100;Fichte_2_42;2010;32.0;29.0;Restholz 2;Restholz 2;25.73;3.27;7.01;3.78;0.0;0.0;0.01;0.0;0.0;0.23;
#Summe:;42;Fichte;100;Fichte_2_42;2010;32.0;29.0;;;;;;;;0.97;1.08;;;48.46;
#
85;43;Fichte;100;Fichte_3_43;2010;32.0;29.0;Restholz 1 unten;Restholz 1 unten;0.3;25.43;32.37;22.29;7.01;0.96;1.07;0.0;0.0;48.24;
86;43;Fichte;100;Fichte_3_43;2010;32.0;29.0;Restholz 2;Restholz 2;25.73;3.27;7.01;3.78;0.0;0.0;0.01;0.0;0.0;0.23;
#Summe:;43;Fichte;100;Fichte_3_43;2010;32.0;29.0;;;;;;;;0.97;1.08;;;48.46;
#
87;44;Tanne;101;Tanne_1_44;2010;32.0;29.0;Restholz 1 unten;Restholz 1 unten;0.3;26.25;31.57;22.23;7.03;1.0;1.13;0.0;0.0;50.06;
88;44;Tanne;101;Tanne_1_44;2010;32.0;29.0;Restholz 2;Restholz 2;26.55;2.45;7.03;3.85;0.0;0.0;0.0;0.0;0.0;0.17;
#Summe:;44;Tanne;101;Tanne_1_44;2010;32.0;29.0;;;;;;;;1.0;1.13;;;50.23;
#
89;45;Tanne;101;Tanne_2_45;2010;32.0;29.0;Restholz 1 unten;Restholz 1 unten;0.3;26.25;31.57;22.23;7.03;1.0;1.13;0.0;0.0;50.06;
90;45;Tanne;101;Tanne_2_45;2010;32.0;29.0;Restholz 2;Restholz 2;26.55;2.45;7.03;3.85;0.0;0.0;0.0;0.0;0.0;0.17;
#Summe:;45;Tanne;101;Tanne_2_45;2010;32.0;29.0;;;;;;;;1.0;1.13;;;50.23;
#
91;46;Fichte;100;Fichte_1_46;2010;32.0;29.0;Restholz 1 unten;Restholz 1 unten;0.3;25.43;32.37;22.29;7.01;0.96;1.07;0.0;0.0;48.24;
92;46;Fichte;100;Fichte_1_46;2010;32.0;29.0;Restholz 2;Restholz 2;25.73;3.27;7.01;3.78;0.0;0.0;0.01;0.0;0.0;0.23;
#Summe:;46;Fichte;100;Fichte_1_46;2010;32.0;29.0;;;;;;;;0.97;1.08;;;48.46;
#
93;47;Fichte;100;Fichte_2_47;2010;32.0;29.0;Restholz 1 unten;Restholz 1 unten;0.3;25.43;32.37;22.29;7.01;0.96;1.07;0.0;0.0;48.24;
94;47;Fichte;100;Fichte_2_47;2010;32.0;29.0;Restholz 2;Restholz 2;25.73;3.27;7.01;3.78;0.0;0.0;0.01;0.0;0.0;0.23;
#Summe:;47;Fichte;100;Fichte_2_47;2010;32.0;29.0;;;;;;;;0.97;1.08;;;48.46;
#
95;48;Fichte;100;Fichte_3_48;2010;32.0;29.0;Restholz 1 unten;Restholz 1 unten;0.3;25.43;32.37;22.29;7.01;0.96;1.07;0.0;0.0;48.24;
96;48;Fichte;100;Fichte_3_48;2010;32.0;29.0;Restholz 2;Restholz 2;25.73;3.27;7.01;3.78;0.0;0.0;0.01;0.0;0.0;0.23;
#Summe:;48;Fichte;100;Fichte_3_48;2010;32.0;29.0;;;;;;;;0.97;1.08;;;48.46;
#
97;49;Tanne;101;Tanne_1_49;2010;32.0;29.0;Restholz 1 unten;Restholz 1 unten;0.3;26.25;31.57;22.23;7.03;1.0;1.13;0.0;0.0;50.06;
98;49;Tanne;101;Tanne_1_49;2010;32.0;29.0;Restholz 2;Restholz 2;26.55;2.45;7.03;3.85;0.0;0.0;0.0;0.0;0.0;0.17;
#Summe:;49;Tanne;101;Tanne_1_49;2010;32.0;29.0;;;;;;;;1.0;1.13;;;50.23;
#
99;50;Tanne;101;Tanne_2_50;2010;32.0;29.0;Restholz 1 unten;Restholz 1 unten;0.3;26.25;31.57;22.23;7.03;1.0;1.13;0.0;0.0;50.06;
100;50;Tanne;101;Tanne_2_50;2010;32.0;29.0;Restholz 2;Restholz 2;26.55;2.45;7.03;3.85;0.0;0.0;0.0;0.0;0.0;0.17;
#Summe:;50;Tanne;101;Tanne_2_50;2010;32.0;29.0;;;;;;;;1.0;1.13;;;50.23;
#
101;51;Fichte;100;Fichte_1_51;2010;32.0;29.0;Restholz 1 unten;Restholz 1 unten;0.3;25.43;32.37;22.29;7.01;0.96;1.07;0.0;0.0;48.24;
102;51;Fichte;100;Fichte_1_51;2010;32.0;29.0;Restholz 2;Restholz 2;25.73;3.27;7.01;3.78;0.0;0.0;0.01;0.0;0.0;0.23;
#Summe:;51;Fichte;100;Fichte_1_51;2010;32.0;29.0;;;;;;;;0.97;1.08;;;48.46;
#
103;52;Fichte;100;Fichte_2_52;2010;32.0;29.0;Restholz 1 unten;Restholz 1 unten;0.3;25.43;32.37;22.29;7.01;0.96;1.07;0.0;0.0;48.24;
104;52;Fichte;100;Fichte_2_52;2010;32.0;29.0;Restholz 2;Restholz 2;25.73;3.27;7.01;3.78;0.0;0.0;0.01;0.0;0.0;0.23;
#Summe:;52;Fichte;100;Fichte_2_52;2010;32.0;29.0;;;;;;;;0.97;1.08;;;48.46;
#
105;53;Fichte;100;Fichte_3_53;2010;32.0;29.0;Restholz 1 unten;Restholz 1 unten;0.3;25.43;32.37;22.29;7.01;0.96;1.07;0.0;0.0;48.24;
106;53;Fichte;100;Fichte_3_53;2010;32.0;29.0;Restholz 2;Restholz 2;25.73;3.27;7.01;3.78;0.0;0.0;0.01;0.0;0.0;0.23;
#Summe:;53;Fichte;100;Fichte_3_53;2010;32.0;29.0;;;;;;;;0.97;1.08;;;48.46;
#
107;54;Tanne;101;Tanne_1_54;2010;32.0;29.0;Restholz 1 unten;Restholz 1 unten;0.3;26.25;31.57;22.23;7.03;1.0;1.13;0.0;0.0;50.06;
108;54;Tanne;101;Tanne_1_54;2010;32.0;29.0;Restholz 2;Restholz 2;26.55;2.45;7.03;3.85;0.0;0.0;0.0;0.0;0.0;0.17;
#Summe:;54;Tanne;101;Tanne_1_54;2010;32.0;29.0;;;;;;;;1.0;1.13;;;50.23;
#
109;55;Tanne;101;Tanne_2_55;2010;32.0;29.0;Restholz 1 unten;Restholz 1 unten;0.3;26.25;31.57;22.23;7.03;1.0;1.13;0.0;0.0;50.06;
110;55;Tanne;101;Tanne_2_55;2010;32.0;29.0;Restholz 2;Restholz 2;26.55;2.45;7.03;3.85;0.0;0.0;0.0;0.0;0.0;0.17;
#Summe:;55;Tanne;101;Tanne_2_55;2010;32.0;29.0;;;;;;;;1.0;1.13;;;50.23;
#
111;56;Fichte;100;Fichte_1_56;2010;32.0;29.0;Restholz 1 unten;Restholz 1 unten;0.3;25.43;32.37;22.29;7.01;0.96;1.07;0.0;0.0;48.24;
112;56;Fichte;100;Fichte_1_56;2010;32.0;29.0;Restholz 2;Restholz 2;25.73;3.27;7.01;3.78;0.0;0.0;0.01;0.0;0.0;0.23;
#Summe:;56;Fichte;100;Fichte_1_56;2010;32.0;29.0;;;;;;;;0.97;1.08;;;48.46;
#
113;57;Fichte;100;Fichte_2_57;2010;32.0;29.0;Restholz 1 unten;Restholz 1 unten;0.3;25.43;32.37;22.29;7.01;0.96;1.07;0.0;0.0;48.24;
114;57;Fichte;100;Fichte_2_57;2010;32.0;29.0;Restholz 2;Restholz 2;25.73;3.27;7.01;3.78;0.0;0.0;0.01;0.0;0.0;0.23;
#Summe:;57;Fichte;100;Fichte_2_57;2010;32.0;29.0;;;;;;;;0.97;1.08;;;48.46;
#
115;58;Fichte;100;Fichte_3_58;2010;32.0;29.0;Restholz 1 unten;Restholz 1 unten;0.3;25.43;32.37;22.29;7.01;0.96;1.07;0.0;0.0;48.24;
116;58;Fichte;100;Fichte_3_58;2010;32.0;29.0;Restholz 2;Restholz 2;25.73;3.27;7.01;3.78;0.0;0.0;0.01;0.0;0.0;0.23;
#Summe:;58;Fichte;100;Fichte_3_58;2010;32.0;29.0;;;;;;;;0.97;1.08;;;48.46;
#
117;59;Tanne;101;Tanne_1_59;2010;32.0;29.0;Restholz 1 unten;Restholz 1 unten;0.3;26.25;31.57;22.23;7.03;1.0;1.13;0.0;0.0;50.06;
118;59;Tanne;101;Tanne_1_59;2010;32.0;29.0;Restholz 2;Restholz 2;26.55;2.45;7.03;3.85;0.0;0.0;0.0;0.0;0.0;0.17;
#Summe:;59;Tanne;101;Tanne_1_59;2010;32.0;29.0;;;;;;;;1.0;1.13;;;50.23;
#
119;60;Tanne;101;Tanne_2_60;2010;32.0;29.0;Restholz 1 unten;Restholz 1 unten;0.3;26.25;31.57;22.23;7.03;1.0;1.13;0.0;0.0;50.06;
120;60;Tanne;101;Tanne_2_60;2010;32.0;29.0;Restholz 2;Restholz 2;26.55;2.45;7.03;3.85;0.0;0.0;0.0;0.0;0.0;0.17;
#Summe:;60;Tanne;101;Tanne_2_60;2010;32.0;29.0;;;;;;;;1.0;1.13;;;50.23;
#
121;61;Fichte;100;Fichte_1_61;2010;32.0;29.0;Restholz 1 unten;Restholz 1 unten;0.3;25.43;32.37;22.29;7.01;0.96;1.07;0.0;0.0;48.24;
122;61;Fichte;100;Fichte_1_61;2010;32.0;29.0;Restholz 2;Restholz 2;25.73;3.27;7.01;3.78;0.0;0.0;0.01;0.0;0.0;0.23;
#Summe:;61;Fichte;100;Fichte_1_61;2010;32.0;29.0;;;;;;;;0.97;1.08;;;48.46;
#
123;62;Fichte;100;Fichte_2_62;2010;32.0;29.0;Restholz 1 unten;Restholz 1 unten;0.3;25.43;32.37;22.29;7.01;0.96;1.07;0.0;0.0;48.24;
124;62;Fichte;100;Fichte_2_62;2010;32.0;29.0;Restholz 2;Restholz 2;25.73;3.27;7.01;3.78;0.0;0.0;0.01;0.0;0.0;0.23;
#Summe:;62;Fichte;100;Fichte_2_62;2010;32.0;29.0;;;;;;;;0.97;1.08;;;48.46;
#
125;63;Fichte;100;Fichte_3_63;2010;32.0;29.0;Restholz 1 unten;Restholz 1 unten;0.3;25.43;32.37;22.29;7.01;0.96;1.07;0.0;0.0;48.24;
126;63;Fichte;100;Fichte_3_63;2010;32.0;29.0;Restholz 2;Restholz 2;25.73;3.27;7.01;3.78;0.0;0.0;0.01;0.0;0.0;0.23;
#Summe:;63;Fichte;100;Fichte_3_63;2010;32.0;29.0;;;;;;;;0.97;1.08;;;48.46;
#
127;64;Tanne;101;Tanne_1_64;2010;32.0;29.0;Restholz 1 unten;Restholz 1 unten;0.3;26.25;31.57;22.23;7.03;1.0;1.13;0.0;0.0;50.06;
128;64;Tanne;101;Tanne_1_64;2010;32.0;29.0;Restholz 2;Restholz 2;26.55;2.45;7.03;3.85;0.0;0.0;0.0;0.0;0.0;0.17;
#Summe:;64;Tanne;101;Tanne_1_64;2010;32.0;29.0;;;;;;;;1.0;1.13;;;50.23;
#
129;65;Tanne;101;Tanne_2_65;2010;32.0;29.0;Restholz 1 unten;Restholz 1 unten;0.3;26.25;31.57;22.23;7.03;1.0;1.13;0.0;0.0;50.06;
130;65;Tanne;101;Tanne_2_65;2010;32.0;29.0;Restholz 2;Restholz 2;26.55;2.45;7.03;3.85;0.0;0.0;0.0;0.0;0.0;0.17;
#Summe:;65;Tanne;101;Tanne_2_65;2010;32.0;29.0;;;;;;;;1.0;1.13;;;50.23;
#
131;66;Fichte;100;Fichte_1_66;2010;32.0;29.0;Restholz 1 unten;Restholz 1 unten;0.3;25.43;32.37;22.29;7.01;0.96;1.07;0.0;0.0;48.24;
132;66;Fichte;100;Fichte_1_66;2010;32.0;29.0;Restholz 2;Restholz 2;25.73;3.27;7.01;3.78;0.0;0.0;0.01;0.0;0.0;0.23;
#Summe:;66;Fichte;100;Fichte_1_66;2010;32.0;29.0;;;;;;;;0.97;1.08;;;48.46;
#
133;67;Fichte;100;Fichte_2_67;2010;32.0;29.0;Restholz 1 unten;Restholz 1 unten;0.3;25.43;32.37;22.29;7.01;0.96;1.07;0.0;0.0;48.24;
134;67;Fichte;100;Fichte_2_67;2010;32.0;29.0;Restholz 2;Restholz 2;25.73;3.27;7.01;3.78;0.0;0.0;0.01;0.0;0.0;0.23;
#Summe:;67;Fichte;100;Fichte_2_67;2010;32.0;29.0;;;;;;;;0.97;1.08;;;48.46;
#
135;68;Fichte;100;Fichte_3_68;2010;32.0;29.0;Restholz 1 unten;Restholz 1 unten;0.3;25.43;32.37;22.29;7.01;0.96;1.07;0.0;0.0;48.24;
136;68;Fichte;100;Fichte_3_68;2010;32.0;29.0;Restholz 2;Restholz 2;25.73;3.27;7.01;3.78;0.0;0.0;0.01;0.0;0.0;0.23;
#Summe:;68;Fichte;100;Fichte_3_68;2010;32.0;29.0;;;;;;;;0.97;1.08;;;48.46;
#
137;69;Tanne;101;Tanne_1_69;2010;32.0;29.0;Restholz 1 unten;Restholz 1 unten;0.3;26.25;31.57;22.23;7.03;1.0;1.13;0.0;0.0;50.06;
138;69;Tanne;101;Tanne_1_69;2010;32.0;29.0;Restholz 2;Restholz 2;26.55;2.45;7.03;3.85;0.0;0.0;0.0;0.0;0.0;0.17;
#Summe:;69;Tanne;101;Tanne_1_69;2010;32.0;29.0;;;;;;;;1.0;1.13;;;50.23;
#
139;70;Tanne;101;Tanne_2_70;2010;32.0;29.0;Restholz 1 unten;Restholz 1 unten;0.3;26.25;31.57;22.23;7.03;1.0;1.13;0.0;0.0;50.06;
140;70;Tanne;101;Tanne_2_70;2010;32.0;29.0;Restholz 2;Restholz 2;26.55;2.45;7.03;3.85;0.0;0.0;0.0;0.0;0.0;0.17;
#Summe:;70;Tanne;101;Tanne_2_70;2010;32.0;29.0;;;;;;;;1.0;1.13;;;50.23;
#
141;71;Fichte;100;Fichte_1_71;2010;32.0;29.0;Restholz 1 unten;Restholz 1 unten;0.3;25.43;32.37;22.29;7.01;0.96;1.07;0.0;0.0;48.24;
142;71;Fichte;100;Fichte_1_71;2010;32.0;29.0;Restholz 2;Restholz 2;25.73;3.27;7.01;3.78;0.0;0.0;0.01;0.0;0.0;0.23;
#Summe:;71;Fichte;100;Fichte_1_71;2010;32.0;29.0;;;;;;;;0.97;1.08;;;48.46;
#
143;72;Fichte;100;Fichte_2_72;2010;32.0;29.0;Restholz 1 unten;Restholz 1 unten;0.3;25.43;32.37;22.29;7.01;0.96;1.07;0.0;0.0;48.24;
144;72;Fichte;100;Fichte_2_72;2010;32.0;29.0;Restholz 2;Restholz 2;25.73;3.27;7.01;3.78;0.0;0.0;0.01;0.0;0.0;0.23;
#Summe:;72;Fichte;100;Fichte_2_72;2010;32.0;29.0;;;;;;;;0.97;1.08;;;48.46;
#
145;73;Fichte;100;Fichte_3_73;2010;32.0;29.0;Restholz 1 unten;Restholz 1 unten;0.3;25.43;32.37;22.29;7.01;0.96;1.07;0.0;0.0;48.24;
146;73;Fichte;100;Fichte_3_73;2010;32.0;29.0;Restholz 2;Restholz 2;25.73;3.27;7.01;3.78;0.0;0.0;0.01;0.0;0.0;0.23;
#Summe:;73;Fichte;100;Fichte_3_73;2010;32.0;29.0;;;;;;;;0.97;1.08;;;48.46;
#
147;74;Tanne;101;Tanne_1_74;2010;32.0;29.0;Restholz 1 unten;Restholz 1 unten;0.3;26.25;31.57;22.23;7.03;1.0;1.13;0.0;0.0;50.06;
148;74;Tanne;101;Tanne_1_74;2010;32.0;29.0;Restholz 2;Restholz 2;26.55;2.45;7.03;3.85;0.0;0.0;0.0;0.0;0.0;0.17;
#Summe:;74;Tanne;101;Tanne_1_74;2010;32.0;29.0;;;;;;;;1.0;1.13;;;50.23;
#
149;75;Tanne;101;Tanne_2_75;2010;32.0;29.0;Restholz 1 unten;Restholz 1 unten;0.3;26.25;31.57;22.23;7.03;1.0;1.13;0.0;0.0;50.06;
150;75;Tanne;101;Tanne_2_75;2010;32.0;29.0;Restholz 2;Restholz 2;26.55;2.45;7.03;3.85;0.0;0.0;0.0;0.0;0.0;0.17;
#Summe:;75;Tanne;101;Tanne_2_75;2010;32.0;29.0;;;;;;;;1.0;1.13;;;50.23;
#
151;76;Fichte;100;Fichte_1_76;2010;32.0;29.0;Restholz 1 unten;Restholz 1 unten;0.3;25.43;32.37;22.29;7.01;0.96;1.07;0.0;0.0;48.24;
152;76;Fichte;100;Fichte_1_76;2010;32.0;29.0;Restholz 2;Restholz 2;25.73;3.27;7.01;3.78;0.0;0.0;0.01;0.0;0.0;0.23;
#Summe:;76;Fichte;100;Fichte_1_76;2010;32.0;29.0;;;;;;;;0.97;1.08;;;48.46;
#
153;77;Fichte;100;Fichte_2_77;2010;32.0;29.0;Restholz 1 unten;Restholz 1 unten;0.3;25.43;32.37;22.29;7.01;0.96;1.07;0.0;0.0;48.24;
154;77;Fichte;100;Fichte_2_77;2010;32.0;29.0;Restholz 2;Restholz 2;25.73;3.27;7.01;3.78;0.0;0.0;0.01;0.0;0.0;0.23;
#Summe:;77;Fichte;100;Fichte_2_77;2010;32.0;29.0;;;;;;;;0.97;1.08;;;48.46;
#
155;78;Fichte;100;Fichte_3_78;2010;32.0;29.0;Restholz 1 unten;Restholz 1 unten;0.3;25.43;32.37;22.29;7.01;0.96;1.07;0.0;0.0;48.24;
156;78;Fichte;100;Fichte_3_78;2010;32.0;29.0;Restholz 2;Restholz 2;25.73;3.27;7.01;3.78;0.0;0.0;0.01;0.0;0.0;0.23;
#Summe:;78;Fichte;100;Fichte_3_78;2010;32.0;29.0;;;;;;;;0.97;1.08;;;48.46;
#
157;79;Tanne;101;Tanne_1_79;2010;32.0;29.0;Restholz 1 unten;Restholz 1 unten;0.3;26.25;31.57;22.23;7.03;1.0;1.13;0.0;0.0;50.06;
158;79;Tanne;101;Tanne_1_79;2010;32.0;29.0;Restholz 2;Restholz 2;26.55;2.45;7.03;3.85;0.0;0.0;0.0;0.0;0.0;0.17;
#Summe:;79;Tanne;101;Tanne_1_79;2010;32.0;29.0;;;;;;;;1.0;1.13;;;50.23;
#
159;80;Tanne;101;Tanne_2_80;2010;32.0;29.0;Restholz 1 unten;Restholz 1 unten;0.3;26.25;31.57;22.23;7.03;1.0;1.13;0.0;0.0;50.06;
160;80;Tanne;101;Tanne_2_80;2010;32.0;29.0;Restholz 2;Restholz 2;26.55;2.45;7.03;3.85;0.0;0.0;0.0;0.0;0.0;0.17;
#Summe:;80;Tanne;101;Tanne_2_80;2010;32.0;29.0;;;;;;;;1.0;1.13;;;50.23;
#
161;81;Fichte;100;Fichte_1_81;2010;32.0;29.0;Restholz 1 unten;Restholz 1 unten;0.3;25.43;32.37;22.29;7.01;0.96;1.07;0.0;0.0;48.24;
162;81;Fichte;100;Fichte_1_81;2010;32.0;29.0;Restholz 2;Restholz 2;25.73;3.27;7.01;3.78;0.0;0.0;0.01;0.0;0.0;0.23;
#Summe:;81;Fichte;100;Fichte_1_81;2010;32.0;29.0;;;;;;;;0.97;1.08;;;48.46;
#
163;82;Fichte;100;Fichte_2_82;2010;32.0;29.0;Restholz 1 unten;Restholz 1 unten;0.3;25.43;32.37;22.29;7.01;0.96;1.07;0.0;0.0;48.24;
164;82;Fichte;100;Fichte_2_82;2010;32.0;29.0;Restholz 2;Restholz 2;25.73;3.27;7.01;3.78;0.0;0.0;0.01;0.0;0.0;0.23;
#Summe:;82;Fichte;100;Fichte_2_82;2010;32.0;29.0;;;;;;;;0.97;1.08;;;48.46;
#
165;83;Fichte;100;Fichte_3_83;2010;32.0;29.0;Restholz 1 unten;Restholz 1 unten;0.3;25.43;32.37;22.29;7.01;0.96;1.07;0.0;0.0;48.24;
166;83;Fichte;100;Fichte_3_83;2010;32.0;29.0;Restholz 2;Restholz 2;25.73;3.27;7.01;3.78;0.0;0.0;0.01;0.0;0.0;0.23;
#Summe:;83;Fichte;100;Fichte_3_83;2010;32.0;29.0;;;;;;;;0.97;1.08;;;48.46;
#
167;84;Tanne;101;Tanne_1_84;2010;32.0;29.0;Restholz 1 unten;Restholz 1 unten;0.3;26.25;31.57;22.23;7.03;1.0;1.13;0.0;0.0;50.06;
168;84;Tanne;101;Tanne_1_84;2010;32.0;29.0;Restholz 2;Restholz 2;26.55;2.45;7.03;3.85;0.0;0.0;0.0;0.0;0.0;0.17;
#Summe:;84;Tanne;101;Tanne_1_84;2010;32.0;29.0;;;;;;;;1.0;1.13;;;50.23;
#
169;85;Tanne;101;Tanne_2_85;2010;32.0;29.0;Restholz 1 unten;Restholz 1 unten;0.3;26.25;31.57;22.23;7.03;1.0;1.13;0.0;0.0;50.06;
170;85;Tanne;101;Tanne_2_85;2010;32.0;29.0;Restholz 2;Restholz 2;26.55;2.45;7.03;3.85;0.0;0.0;0.0;0.0;0.0;0.17;
#Summe:;85;Tanne;101;Tanne_2_85;2010;32.0;29.0;;;;;;;;1.0;1.13;;;50.23;
#
171;86;Fichte;100;Fichte_1_86;2010;32.0;29.0;Restholz 1 unten;Restholz 1 unten;0.3;25.43;32.37;22.29;7.01;0.96;1.07;0.0;0.0;48.24;
172;86;Fichte;100;Fichte_1_86;2010;32.0;29.0;Restholz 2;Restholz 2;25.73;3.27;7.01;3.78;0.0;0.0;0.01;0.0;0.0;0.23;
#Summe:;86;Fichte;100;Fichte_1_86;2010;32.0;29.0;;;;;;;;0.97;1.08;;;48.46;
#
173;87;Fichte;100;Fichte_2_87;2010;32.0;29.0;Restholz 1 unten;Restholz 1 unten;0.3;25.43;32.37;22.29;7.01;0.96;1.07;0.0;0.0;48.24;
174;87;Fichte;100;Fichte_2_87;2010;32.0;29.0;Restholz 2;Restholz 2;25.73;3.27;7.01;3.78;0.0;0.0;0.01;0.0;0.0;0.23;
#Summe:;87;Fichte;100;Fichte_2_87;2010;32.0;29.0;;;;;;;;0.97;1.08;;;48.46;
#
175;88;Fichte;100;Fichte_3_88;2010;32.0;29.0;Restholz 1 unten;Restholz 1 unten;0.3;25.43;32.37;22.29;7.01;0.96;1.07;0.0;0.0;48.24;
176;88;Fichte;100;Fichte_3_88;2010;32.0;29.0;Restholz 2;Restholz 2;25.73;3.27;7.01;3.78;0.0;0.0;0.01;0.0;0.0;0.23;
#Summe:;88;Fichte;100;Fichte_3_88;2010;32.0;29.0;;;;;;;;0.97;1.08;;;48.46;
#
177;89;Tanne;101;Tanne_1_89;2010;32.0;29.0;Restholz 1 unten;Restholz 1 unten;0.3;26.25;31.57;22.23;7.03;1.0;1.13;0.0;0.0;50.06;
178;89;Tanne;101;Tanne_1_89;2010;32.0;29.0;Restholz 2;Restholz 2;26.55;2.45;7.03;3.85;0.0;0.0;0.0;0.0;0.0;0.17;
#Summe:;89;Tanne;101;Tanne_1_89;2010;32.0;29.0;;;;;;;;1.0;1.13;;;50.23;
#
179;90;Tanne;101;Tanne_2_90;2010;32.0;29.0;Restholz 1 unten;Restholz 1 unten;0.3;26.25;31.57;22.23;7.03;1.0;1.13;0.0;0.0;50.06;
180;90;Tanne;101;Tanne_2_90;2010;32.0;29.0;Restholz 2;Restholz 2;26.55;2.45;7.03;3.85;0.0;0.0;0.0;0.0;0.0;0.17;
#Summe:;90;Tanne;101;Tanne_2_90;2010;32.0;29.0;;;;;;;;1.0;1.13;;;50.23;
#
181;91;Fichte;100;Fichte_1_91;2010;32.0;29.0;Restholz 1 unten;Restholz 1 unten;0.3;25.43;32.37;22.29;7.01;0.96;1.07;0.0;0.0;48.24;
182;91;Fichte;100;Fichte_1_91;2010;32.0;29.0;Restholz 2;Restholz 2;25.73;3.27;7.01;3.78;0.0;0.0;0.01;0.0;0.0;0.23;
#Summe:;91;Fichte;100;Fichte_1_91;2010;32.0;29.0;;;;;;;;0.97;1.08;;;48.46;
#
183;92;Fichte;100;Fichte_2_92;2010;32.0;29.0;Restholz 1 unten;Restholz 1 unten;0.3;25.43;32.37;22.29;7.01;0.96;1.07;0.0;0.0;48.24;
184;92;Fichte;100;Fichte_2_92;2010;32.0;29.0;Restholz 2;Restholz 2;25.73;3.27;7.01;3.78;0.0;0.0;0.01;0.0;0.0;0.23;
#Summe:;92;Fichte;100;Fichte_2_92;2010;32.0;29.0;;;;;;;;0.97;1.08;;;48.46;
#
185;93;Fichte;100;Fichte_3_93;2010;32.0;29.0;Restholz 1 unten;Restholz 1 unten;0.3;25.43;32.37;22.29;7.01;0.96;1.07;0.0;0.0;48.24;
186;93;Fichte;100;Fichte_3_93;2010;32.0;29.0;Restholz 2;Restholz 2;25.73;3.27;7.01;3.78;0.0;0.0;0.01;0.0;0.0;0.23;
#Summe:;93;Fichte;100;Fichte_3_93;2010;32.0;29.0;;;;;;;;0.97;1.08;;;48.46;
#
187;94;Tanne;101;Tanne_1_94;2010;32.0;29.0;Restholz 1 unten;Restholz 1 unten;0.3;26.25;31.57;22.23;7.03;1.0;1.13;0.0;0.0;50.06;
188;94;Tanne;101;Tanne_1_94;2010;32.0;29.0;Restholz 2;Restholz 2;26.55;2.45;7.03;3.85;0.0;0.0;0.0;0.0;0.0;0.17;
#Summe:;94;Tanne;101;Tanne_1_94;2010;32.0;29.0;;;;;;;;1.0;1.13;;;50.23;
#
189;95;Tanne;101;Tanne_2_95;2010;32.0;29.0;Restholz 1 unten;Restholz 1 unten;0.3;26.25;31.57;22.23;7.03;1.0;1.13;0.0;0.0;50.06;
190;95;Tanne;101;Tanne_2_95;2010;32.0;29.0;Restholz 2;Restholz 2;26.55;2.45;7.03;3.85;0.0;0.0;0.0;0.0;0.0;0.17;
#Summe:;95;Tanne;101;Tanne_2_95;2010;32.0;29.0;;;;;;;;1.0;1.13;;;50.23;
#
191;96;Fichte;100;Fichte_1_96;2010;32.0;29.0;Restholz 1 unten;Restholz 1 unten;0.3;25.43;32.37;22.29;7.01;0.96;1.07;0.0;0.0;48.24;
192;96;Fichte;100;Fichte_1_96;2010;32.0;29.0;Restholz 2;Restholz 2;25.73;3.27;7.01;3.78;0.0;0.0;0.01;0.0;0.0;0.23;
#Summe:;96;Fichte;100;Fichte_1_96;2010;32.0;29.0;;;;;;;;0.97;1.08;;;48.46;
#
193;97;Fichte;100;Fichte_2_97;2010;32.0;29.0;Restholz 1 unten;Restholz 1 unten;0.3;25.43;32.37;22.29;7.01;0.96;1.07;0.0;0.0;48.24;
194;97;Fichte;100;Fichte_2_97;2010;32.0;29.0;Restholz 2;Restholz 2;25.73;3.27;7.01;3.78;0.0;0.0;0.01;0.0;0.0;0.23;
#Summe:;97;Fichte;100;Fichte_2_97;2010;32.0;29.0;;;;;;;;0.97;1.08;;;48.46;
#
195;98;Fichte;100;Fichte_3_98;2010;32.0;29.0;Restholz 1 unten;Restholz 1 unten;0.3;25.43;32.37;22.29;7.01;0.96;1.07;0.0;0.0;48.24;
196;98;Fichte;100;Fichte_3_98;2010;32.0;29.0;Restholz 2;Restholz 2;25.73;3.27;7.01;3.78;0.0;0.0;0.01;0.0;0.0;0.23;
#Summe:;98;Fichte;100;Fichte_3_98;2010;32.0;29.0;;;;;;;;0.97;1.08;;;48.46;
#
197;99;Tanne;101;Tanne_1_99;2010;32.0;29.0;Restholz 1 unten;Restholz 1 unten;0.3;26.25;31.57;22.23;7.03;1.0;1.13;0.0;0.0;50.06;
198;99;Tanne;101;Tanne_1_99;2010;32.0;29.0;Restholz 2;Restholz 2;26.55;2.45;7.03;3.85;0.0;0.0;0.0;0.0;0.0;0.17;
#Summe:;99;Tanne;101;Tanne_1_99;2010;32.0;29.0;;;;;;;;1.0;1.13;;;50.23;
#
199;100;Tanne;101;Tanne_2_100;2012;32.0;29.0;Restholz 1 unten;Restholz 1 unten;0.3;26.25;31.57;22.23;7.03;1.0;1.13;0.0;0.0;50.06;
200;100;Tanne;101;Tanne_2_100;2012;32.0;29.0;Restholz 2;Restholz 2;26.55;2.45;7.03;3.85;0.0;0.0;0.0;0.0;0.0;0.17;
#Summe:;100;Tanne;101;Tanne_2_100;2012;32.0;29.0;;;;;;;;1.0;1.13;;;50.23;
#
201;101;Fichte;100;Fichte_1_101;2012;32.0;29.0;Restholz 1 unten;Restholz 1 unten;0.3;25.43;32.37;22.29;7.01;0.96;1.07;0.0;0.0;48.24;
202;101;Fichte;100;Fichte_1_101;2012;32.0;29.0;Restholz 2;Restholz 2;25.73;3.27;7.01;3.78;0.0;0.0;0.01;0.0;0.0;0.23;
#Summe:;101;Fichte;100;Fichte_1_101;2012;32.0;29.0;;;;;;;;0.97;1.08;;;48.46;
#
203;102;Fichte;100;Fichte_2_102;2012;32.0;29.0;Restholz 1 unten;Restholz 1 unten;0.3;25.43;32.37;22.29;7.01;0.96;1.07;0.0;0.0;48.24;
204;102;Fichte;100;Fichte_2_102;2012;32.0;29.0;Restholz 2;Restholz 2;25.73;3.27;7.01;3.78;0.0;0.0;0.01;0.0;0.0;0.23;
#Summe:;102;Fichte;100;Fichte_2_102;2012;32.0;29.0;;;;;;;;0.97;1.08;;;48.46;
#
205;103;Fichte;100;Fichte_3_103;2012;32.0;29.0;Restholz 1 unten;Restholz 1 unten;0.3;25.43;32.37;22.29;7.01;0.96;1.07;0.0;0.0;48.24;
206;103;Fichte;100;Fichte_3_103;2012;32.0;29.0;Restholz 2;Restholz 2;25.73;3.27;7.01;3.78;0.0;0.0;0.01;0.0;0.0;0.23;
#Summe:;103;Fichte;100;Fichte_3_103;2012;32.0;29.0;;;;;;;;0.97;1.08;;;48.46;
#
207;104;Tanne;101;Tanne_1_104;2012;32.0;29.0;Restholz 1 unten;Restholz 1 unten;0.3;26.25;31.57;22.23;7.03;1.0;1.13;0.0;0.0;50.06;
208;104;Tanne;101;Tanne_1_104;2012;32.0;29.0;Restholz 2;Restholz 2;26.55;2.45;7.03;3.85;0.0;0.0;0.0;0.0;0.0;0.17;
#Summe:;104;Tanne;101;Tanne_1_104;2012;32.0;29.0;;;;;;;;1.0;1.13;;;50.23;
#
209;105;Tanne;101;Tanne_2_105;2012;32.0;29.0;Restholz 1 unten;Restholz 1 unten;0.3;26.25;31.57;22.23;7.03;1.0;1.13;0.0;0.0;50.06;
210;105;Tanne;101;Tanne_2_105;2012;32.0;29.0;Restholz 2;Restholz 2;26.55;2.45;7.03;3.85;0.0;0.0;0.0;0.0;0.0;0.17;
#Summe:;105;Tanne;101;Tanne_2_105;2012;32.0;29.0;;;;;;;;1.0;1.13;;;50.23;
#
211;106;Fichte;100;Fichte_1_106;2012;32.0;29.0;Restholz 1 unten;Restholz 1 unten;0.3;25.43;32.37;22.29;7.01;0.96;1.07;0.0;0.0;48.24;
212;106;Fichte;100;Fichte_1_106;2012;32.0;29.0;Restholz 2;Restholz 2;25.73;3.27;7.01;3.78;0.0;0.0;0.01;0.0;0.0;0.23;
#Summe:;106;Fichte;100;Fichte_1_106;2012;32.0;29.0;;;;;;;;0.97;1.08;;;48.46;
#
213;107;Fichte;100;Fichte_2_107;2012;32.0;29.0;Restholz 1 unten;Restholz 1 unten;0.3;25.43;32.37;22.29;7.01;0.96;1.07;0.0;0.0;48.24;
214;107;Fichte;100;Fichte_2_107;2012;32.0;29.0;Restholz 2;Restholz 2;25.73;3.27;7.01;3.78;0.0;0.0;0.01;0.0;0.0;0.23;
#Summe:;107;Fichte;100;Fichte_2_107;2012;32.0;29.0;;;;;;;;0.97;1.08;;;48.46;
#
215;108;Fichte;100;Fichte_3_108;2012;32.0;29.0;Restholz 1 unten;Restholz 1 unten;0.3;25.43;32.37;22.29;7.01;0.96;1.07;0.0;0.0;48.24;
216;108;Fichte;100;Fichte_3_108;2012;32.0;29.0;Restholz 2;Restholz 2;25.73;3.27;7.01;3.78;0.0;0.0;0.01;0.0;0.0;0.23;
#Summe:;108;Fichte;100;Fichte_3_108;2012;32.0;29.0;;;;;;;;0.97;1.08;;;48.46;
#
217;109;Tanne;101;Tanne_1_109;2012;32.0;29.0;Restholz 1 unten;Restholz 1 unten;0.3;26.25;31.57;22.23;7.03;1.0;1.13;0.0;0.0;50.06;
218;109;Tanne;101;Tanne_1_109;2012;32.0;29.0;Restholz 2;Restholz 2;26.55;2.45;7.03;3.85;0.0;0.0;0.0;0.0;0.0;0.17;
#Summe:;109;Tanne;101;Tanne_1_109;2012;32.0;29.0;;;;;;;;1.0;1.13;;;50.23;
#
219;110;Tanne;101;Tanne_2_110;2012;32.0;29.0;Restholz 1 unten;Restholz 1 unten;0.3;26.25;31.57;22.23;7.03;1.0;1.13;0.0;0.0;50.06;
220;110;Tanne;101;Tanne_2_110;2012;32.0;29.0;Restholz 2;Restholz 2;26.55;2.45;7.03;3.85;0.0;0.0;0.0;0.0;0.0;0.17;
#Summe:;110;Tanne;101;Tanne_2_110;2012;32.0;29.0;;;;;;;;1.0;1.13;;;50.23;
#
221;111;Fichte;100;Fichte_1_111;2012;32.0;29.0;Restholz 1 unten;Restholz 1 unten;0.3;25.43;32.37;22.29;7.01;0.96;1.07;0.0;0.0;48.24;
222;111;Fichte;100;Fichte_1_111;2012;32.0;29.0;Restholz 2;Restholz 2;25.73;3.27;7.01;3.78;0.0;0.0;0.01;0.0;0.0;0.23;
#Summe:;111;Fichte;100;Fichte_1_111;2012;32.0;29.0;;;;;;;;0.97;1.08;;;48.46;
#
223;112;Fichte;100;Fichte_2_112;2012;32.0;29.0;Restholz 1 unten;Restholz 1 unten;0.3;25.43;32.37;22.29;7.01;0.96;1.07;0.0;0.0;48.24;
224;112;Fichte;100;Fichte_2_112;2012;32.0;29.0;Restholz 2;Restholz 2;25.73;3.27;7.01;3.78;0.0;0.0;0.01;0.0;0.0;0.23;
#Summe:;112;Fichte;100;Fichte_2_112;2012;32.0;29.0;;;;;;;;0.97;1.08;;;48.46;
#
225;113;Fichte;100;Fichte_3_113;2012;32.0;29.0;Restholz 1 unten;Restholz 1 unten;0.3;25.43;32.37;22.29;7.01;0.96;1.07;0.0;0.0;48.24;
226;113;Fichte;100;Fichte_3_113;2012;32.0;29.0;Restholz 2;Restholz 2;25.73;3.27;7.01;3.78;0.0;0.0;0.01;0.0;0.0;0.23;
#Summe:;113;Fichte;100;Fichte_3_113;2012;32.0;29.0;;;;;;;;0.97;1.08;;;48.46;
#
227;114;Tanne;101;Tanne_1_114;2012;32.0;29.0;Restholz 1 unten;Restholz 1 unten;0.3;26.25;31.57;22.23;7.03;1.0;1.13;0.0;0.0;50.06;
228;114;Tanne;101;Tanne_1_114;2012;32.0;29.0;Restholz 2;Restholz 2;26.55;2.45;7.03;3.85;0.0;0.0;0.0;0.0;0.0;0.17;
#Summe:;114;Tanne;101;Tanne_1_114;2012;32.0;29.0;;;;;;;;1.0;1.13;;;50.23;
#
229;115;Tanne;101;Tanne_2_115;2012;32.0;29.0;Restholz 1 unten;Restholz 1 unten;0.3;26.25;31.57;22.23;7.03;1.0;1.13;0.0;0.0;50.06;
230;115;Tanne;101;Tanne_2_115;2012;32.0;29.0;Restholz 2;Restholz 2;26.55;2.45;7.03;3.85;0.0;0.0;0.0;0.0;0.0;0.17;
#Summe:;115;Tanne;101;Tanne_2_115;2012;32.0;29.0;;;;;;;;1.0;1.13;;;50.23;
#
231;116;Fichte;100;Fichte_1_116;2012;32.0;29.0;Restholz 1 unten;Restholz 1 unten;0.3;25.43;32.37;22.29;7.01;0.96;1.07;0.0;0.0;48.24;
232;116;Fichte;100;Fichte_1_116;2012;32.0;29.0;Restholz 2;Restholz 2;25.73;3.27;7.01;3.78;0.0;0.0;0.01;0.0;0.0;0.23;
#Summe:;116;Fichte;100;Fichte_1_116;2012;32.0;29.0;;;;;;;;0.97;1.08;;;48.46;
#
233;117;Fichte;100;Fichte_2_117;2012;32.0;29.0;Restholz 1 unten;Restholz 1 unten;0.3;25.43;32.37;22.29;7.01;0.96;1.07;0.0;0.0;48.24;
234;117;Fichte;100;Fichte_2_117;2012;32.0;29.0;Restholz 2;Restholz 2;25.73;3.27;7.01;3.78;0.0;0.0;0.01;0.0;0.0;0.23;
#Summe:;117;Fichte;100;Fichte_2_117;2012;32.0;29.0;;;;;;;;0.97;1.08;;;48.46;
#
235;118;Fichte;100;Fichte_3_118;2012;32.0;29.0;Restholz 1 unten;Restholz 1 unten;0.3;25.43;32.37;22.29;7.01;0.96;1.07;0.0;0.0;48.24;
236;118;Fichte;100;Fichte_3_118;2012;32.0;29.0;Restholz 2;Restholz 2;25.73;3.27;7.01;3.78;0.0;0.0;0.01;0.0;0.0;0.23;
#Summe:;118;Fichte;100;Fichte_3_118;2012;32.0;29.0;;;;;;;;0.97;1.08;;;48.46;
#
237;119;Tanne;101;Tanne_1_119;2012;32.0;29.0;Restholz 1 unten;Restholz 1 unten;0.3;26.25;31.57;22.23;7.03;1.0;1.13;0.0;0.0;50.06;
238;119;Tanne;101;Tanne_1_119;2012;32.0;29.0;Restholz 2;Restholz 2;26.55;2.45;7.03;3.85;0.0;0.0;0.0;0.0;0.0;0.17;
#Summe:;119;Tanne;101;Tanne_1_119;2012;32.0;29.0;;;;;;;;1.0;1.13;;;50.23;
#
239;120;Tanne;101;Tanne_2_120;2012;32.0;29.0;Restholz 1 unten;Restholz 1 unten;0.3;26.25;31.57;22.23;7.03;1.0;1.13;0.0;0.0;50.06;
240;120;Tanne;101;Tanne_2_120;2012;32.0;29.0;Restholz 2;Restholz 2;26.55;2.45;7.03;3.85;0.0;0.0;0.0;0.0;0.0;0.17;
#Summe:;120;Tanne;101;Tanne_2_120;2012;32.0;29.0;;;;;;;;1.0;1.13;;;50.23;
#
241;121;Fichte;100;Fichte_1_121;2012;32.0;29.0;Restholz 1 unten;Restholz 1 unten;0.3;25.43;32.37;22.29;7.01;0.96;1.07;0.0;0.0;48.24;
242;121;Fichte;100;Fichte_1_121;2012;32.0;29.0;Restholz 2;Restholz 2;25.73;3.27;7.01;3.78;0.0;0.0;0.01;0.0;0.0;0.23;
#Summe:;121;Fichte;100;Fichte_1_121;2012;32.0;29.0;;;;;;;;0.97;1.08;;;48.46;
#
243;122;Fichte;100;Fichte_2_122;2012;32.0;29.0;Restholz 1 unten;Restholz 1 unten;0.3;25.43;32.37;22.29;7.01;0.96;1.07;0.0;0.0;48.24;
244;122;Fichte;100;Fichte_2_122;2012;32.0;29.0;Restholz 2;Restholz 2;25.73;3.27;7.01;3.78;0.0;0.0;0.01;0.0;0.0;0.23;
#Summe:;122;Fichte;100;Fichte_2_122;2012;32.0;29.0;;;;;;;;0.97;1.08;;;48.46;
#
245;123;Fichte;100;Fichte_3_123;2012;32.0;29.0;Restholz 1 unten;Restholz 1 unten;0.3;25.43;32.37;22.29;7.01;0.96;1.07;0.0;0.0;48.24;
246;123;Fichte;100;Fichte_3_123;2012;32.0;29.0;Restholz 2;Restholz 2;25.73;3.27;7.01;3.78;0.0;0.0;0.01;0.0;0.0;0.23;
#Summe:;123;Fichte;100;Fichte_3_123;2012;32.0;29.0;;;;;;;;0.97;1.08;;;48.46;
#
247;124;Tanne;101;Tanne_1_124;2012;32.0;29.0;Restholz 1 unten;Restholz 1 unten;0.3;26.25;31.57;22.23;7.03;1.0;1.13;0.0;0.0;50.06;
248;124;Tanne;101;Tanne_1_124;2012;32.0;29.0;Restholz 2;Restholz 2;26.55;2.45;7.03;3.85;0.0;0.0;0.0;0.0;0.0;0.17;
#Summe:;124;Tanne;101;Tanne_1_124;2012;32.0;29.0;;;;;;;;1.0;1.13;;;50.23;
#
249;125;Tanne;101;Tanne_2_125;2012;32.0;29.0;Restholz 1 unten;Restholz 1 unten;0.3;26.25;31.57;22.23;7.03;1.0;1.13;0.0;0.0;50.06;
250;125;Tanne;101;Tanne_2_125;2012;32.0;29.0;Restholz 2;Restholz 2;26.55;2.45;7.03;3.85;0.0;0.0;0.0;0.0;0.0;0.17;
#Summe:;125;Tanne;101;Tanne_2_125;2012;32.0;29.0;;;;;;;;1.0;1.13;;;50.23;
#
251;126;Fichte;100;Fichte_1_126;2012;32.0;29.0;Restholz 1 unten;Restholz 1 unten;0.3;25.43;32.37;22.29;7.01;0.96;1.07;0.0;0.0;48.24;
252;126;Fichte;100;Fichte_1_126;2012;32.0;29.0;Restholz 2;Restholz 2;25.73;3.27;7.01;3.78;0.0;0.0;0.01;0.0;0.0;0.23;
#Summe:;126;Fichte;100;Fichte_1_126;2012;32.0;29.0;;;;;;;;0.97;1.08;;;48.46;
#
253;127;Fichte;100;Fichte_2_127;2012;32.0;29.0;Restholz 1 unten;Restholz 1 unten;0.3;25.43;32.37;22.29;7.01;0.96;1.07;0.0;0.0;48.24;
254;127;Fichte;100;Fichte_2_127;2012;32.0;29.0;Restholz 2;Restholz 2;25.73;3.27;7.01;3.78;0.0;0.0;0.01;0.0;0.0;0.23;
#Summe:;127;Fichte;100;Fichte_2_127;2012;32.0;29.0;;;;;;;;0.97;1.08;;;48.46;
#
255;128;Fichte;100;Fichte_3_128;2012;32.0;29.0;Restholz 1 unten;Restholz 1 unten;0.3;25.43;32.37;22.29;7.01;0.96;1.07;0.0;0.0;48.24;
256;128;Fichte;100;Fichte_3_128;2012;32.0;29.0;Restholz 2;Restholz 2;25.73;3.27;7.01;3.78;0.0;0.0;0.01;0.0;0.0;0.23;
#Summe:;128;Fichte;100;Fichte_3_128;2012;32.0;29.0;;;;;;;;0.97;1.08;;;48.46;
#
257;129;Tanne;101;Tanne_1_129;2012;32.0;29.0;Restholz 1 unten;Restholz 1 unten;0.3;26.25;31.57;22.23;7.03;1.0;1.13;0.0;0.0;50.06;
258;129;Tanne;101;Tanne_1_129;2012;32.0;29.0;Restholz 2;Restholz 2;26.55;2.45;7.03;3.85;0.0;0.0;0.0;0.0;0.0;0.17;
#Summe:;129;Tanne;101;Tanne_1_129;2012;32.0;29.0;;;;;;;;1.0;1.13;;;50.23;
#
259;130;Tanne;101;Tanne_2_130;2012;32.0;29.0;Restholz 1 unten;Restholz 1 unten;0.3;26.25;31.57;22.23;7.03;1.0;1.13;0.0;0.0;50.06;
260;130;Tanne;101;Tanne_2_130;2012;32.0;29.0;Restholz 2;Restholz 2;26.55;2.45;7.03;3.85;0.0;0.0;0.0;0.0;0.0;0.17;
#Summe:;130;Tanne;101;Tanne_2_130;2012;32.0;29.0;;;;;;;;1.0;1.13;;;50.23;
#
261;131;Fichte;100;Fichte_1_131;2012;32.0;29.0;Restholz 1 unten;Restholz 1 unten;0.3;25.43;32.37;22.29;7.01;0.96;1.07;0.0;0.0;48.24;
262;131;Fichte;100;Fichte_1_131;2012;32.0;29.0;Restholz 2;Restholz 2;25.73;3.27;7.01;3.78;0.0;0.0;0.01;0.0;0.0;0.23;
#Summe:;131;Fichte;100;Fichte_1_131;2012;32.0;29.0;;;;;;;;0.97;1.08;;;48.46;
#
263;132;Fichte;100;Fichte_2_132;2012;32.0;29.0;Restholz 1 unten;Restholz 1 unten;0.3;25.43;32.37;22.29;7.01;0.96;1.07;0.0;0.0;48.24;
264;132;Fichte;100;Fichte_2_132;2012;32.0;29.0;Restholz 2;Restholz 2;25.73;3.27;7.01;3.78;0.0;0.0;0.01;0.0;0.0;0.23;
#Summe:;132;Fichte;100;Fichte_2_132;2012;32.0;29.0;;;;;;;;0.97;1.08;;;48.46;
#
265;133;Fichte;100;Fichte_3_133;2012;32.0;29.0;Restholz 1 unten;Restholz 1 unten;0.3;25.43;32.37;22.29;7.01;0.96;1.07;0.0;0.0;48.24;
266;133;Fichte;100;Fichte_3_133;2012;32.0;29.0;Restholz 2;Restholz 2;25.73;3.27;7.01;3.78;0.0;0.0;0.01;0.0;0.0;0.23;
#Summe:;133;Fichte;100;Fichte_3_133;2012;32.0;29.0;;;;;;;;0.97;1.08;;;48.46;
#
267;134;Tanne;101;Tanne_1_134;2012;32.0;29.0;Restholz 1 unten;Restholz 1 unten;0.3;26.25;31.57;22.23;7.03;1.0;1.13;0.0;0.0;50.06;
268;134;Tanne;101;Tanne_1_134;2012;32.0;29.0;Restholz 2;Restholz 2;26.55;2.45;7.03;3.85;0.0;0.0;0.0;0.0;0.0;0.17;
#Summe:;134;Tanne;101;Tanne_1_134;2012;32.0;29.0;;;;;;;;1.0;1.13;;;50.23;
#
269;135;Tanne;101;Tanne_2_135;2012;32.0;29.0;Restholz 1 unten;Restholz 1 unten;0.3;26.25;31.57;22.23;7.03;1.0;1.13;0.0;0.0;50.06;
270;135;Tanne;101;Tanne_2_135;2012;32.0;29.0;Restholz 2;Restholz 2;26.55;2.45;7.03;3.85;0.0;0.0;0.0;0.0;0.0;0.17;
#Summe:;135;Tanne;101;Tanne_2_135;2012;32.0;29.0;;;;;;;;1.0;1.13;;;50.23;
#
271;136;Fichte;100;Fichte_1_136;2012;32.0;29.0;Restholz 1 unten;Restholz 1 unten;0.3;25.43;32.37;22.29;7.01;0.96;1.07;0.0;0.0;48.24;
272;136;Fichte;100;Fichte_1_136;2012;32.0;29.0;Restholz 2;Restholz 2;25.73;3.27;7.01;3.78;0.0;0.0;0.01;0.0;0.0;0.23;
#Summe:;136;Fichte;100;Fichte_1_136;2012;32.0;29.0;;;;;;;;0.97;1.08;;;48.46;
#
273;137;Fichte;100;Fichte_2_137;2012;32.0;29.0;Restholz 1 unten;Restholz 1 unten;0.3;25.43;32.37;22.29;7.01;0.96;1.07;0.0;0.0;48.24;
274;137;Fichte;100;Fichte_2_137;2012;32.0;29.0;Restholz 2;Restholz 2;25.73;3.27;7.01;3.78;0.0;0.0;0.01;0.0;0.0;0.23;
#Summe:;137;Fichte;100;Fichte_2_137;2012;32.0;29.0;;;;;;;;0.97;1.08;;;48.46;
#
275;138;Fichte;100;Fichte_3_138;2012;32.0;29.0;Restholz 1 unten;Restholz 1 unten;0.3;25.43;32.37;22.29;7.01;0.96;1.07;0.0;0.0;48.24;
276;138;Fichte;100;Fichte_3_138;2012;32.0;29.0;Restholz 2;Restholz 2;25.73;3.27;7.01;3.78;0.0;0.0;0.01;0.0;0.0;0.23;
#Summe:;138;Fichte;100;Fichte_3_138;2012;32.0;29.0;;;;;;;;0.97;1.08;;;48.46;
#
277;139;Tanne;101;Tanne_1_139;2012;32.0;29.0;Restholz 1 unten;Restholz 1 unten;0.3;26.25;31.57;22.23;7.03;1.0;1.13;0.0;0.0;50.06;
278;139;Tanne;101;Tanne_1_139;2012;32.0;29.0;Restholz 2;Restholz 2;26.55;2.45;7.03;3.85;0.0;0.0;0.0;0.0;0.0;0.17;
#Summe:;139;Tanne;101;Tanne_1_139;2012;32.0;29.0;;;;;;;;1.0;1.13;;;50.23;
#
279;140;Tanne;101;Tanne_2_140;2012;32.0;29.0;Restholz 1 unten;Restholz 1 unten;0.3;26.25;31.57;22.23;7.03;1.0;1.13;0.0;0.0;50.06;
280;140;Tanne;101;Tanne_2_140;2012;32.0;29.0;Restholz 2;Restholz 2;26.55;2.45;7.03;3.85;0.0;0.0;0.0;0.0;0.0;0.17;
#Summe:;140;Tanne;101;Tanne_2_140;2012;32.0;29.0;;;;;;;;1.0;1.13;;;50.23;
#
281;141;Fichte;100;Fichte_1_141;2012;32.0;29.0;Restholz 1 unten;Restholz 1 unten;0.3;25.43;32.37;22.29;7.01;0.96;1.07;0.0;0.0;48.24;
282;141;Fichte;100;Fichte_1_141;2012;32.0;29.0;Restholz 2;Restholz 2;25.73;3.27;7.01;3.78;0.0;0.0;0.01;0.0;0.0;0.23;
#Summe:;141;Fichte;100;Fichte_1_141;2012;32.0;29.0;;;;;;;;0.97;1.08;;;48.46;
#
283;142;Fichte;100;Fichte_2_142;2012;32.0;29.0;Restholz 1 unten;Restholz 1 unten;0.3;25.43;32.37;22.29;7.01;0.96;1.07;0.0;0.0;48.24;
284;142;Fichte;100;Fichte_2_142;2012;32.0;29.0;Restholz 2;Restholz 2;25.73;3.27;7.01;3.78;0.0;0.0;0.01;0.0;0.0;0.23;
#Summe:;142;Fichte;100;Fichte_2_142;2012;32.0;29.0;;;;;;;;0.97;1.08;;;48.46;
#
285;143;Fichte;100;Fichte_3_143;2012;32.0;29.0;Restholz 1 unten;Restholz 1 unten;0.3;25.43;32.37;22.29;7.01;0.96;1.07;0.0;0.0;48.24;
286;143;Fichte;100;Fichte_3_143;2012;32.0;29.0;Restholz 2;Restholz 2;25.73;3.27;7.01;3.78;0.0;0.0;0.01;0.0;0.0;0.23;
#Summe:;143;Fichte;100;Fichte_3_143;2012;32.0;29.0;;;;;;;;0.97;1.08;;;48.46;
#
287;144;Tanne;101;Tanne_1_144;2012;32.0;29.0;Restholz 1 unten;Restholz 1 unten;0.3;26.25;31.57;22.23;7.03;1.0;1.13;0.0;0.0;50.06;
288;144;Tanne;101;Tanne_1_144;2012;32.0;29.0;Restholz 2;Restholz 2;26.55;2.45;7.03;3.85;0.0;0.0;0.0;0.0;0.0;0.17;
#Summe:;144;Tanne;101;Tanne_1_144;2012;32.0;29.0;;;;;;;;1.0;1.13;;;50.23;
#
289;145;Tanne;101;Tanne_2_145;2012;32.0;29.0;Restholz 1 unten;Restholz 1 unten;0.3;26.25;31.57;22.23;7.03;1.0;1.13;0.0;0.0;50.06;
290;145;Tanne;101;Tanne_2_145;2012;32.0;29.0;Restholz 2;Restholz 2;26.55;2.45;7.03;3.85;0.0;0.0;0.0;0.0;0.0;0.17;
#Summe:;145;Tanne;101;Tanne_2_145;2012;32.0;29.0;;;;;;;;1.0;1.13;;;50.23;
#
291;146;Fichte;100;Fichte_1_146;2012;32.0;29.0;Restholz 1 unten;Restholz 1 unten;0.3;25.43;32.37;22.29;7.01;0.96;1.07;0.0;0.0;48.24;
292;146;Fichte;100;Fichte_1_146;2012;32.0;29.0;Restholz 2;Restholz 2;25.73;3.27;7.01;3.78;0.0;0.0;0.01;0.0;0.0;0.23;
#Summe:;146;Fichte;100;Fichte_1_146;2012;32.0;29.0;;;;;;;;0.97;1.08;;;48.46;
#
293;147;Fichte;100;Fichte_2_147;2012;32.0;29.0;Restholz 1 unten;Restholz 1 unten;0.3;25.43;32.37;22.29;7.01;0.96;1.07;0.0;0.0;48.24;
294;147;Fichte;100;Fichte_2_147;2012;32.0;29.0;Restholz 2;Restholz 2;25.73;3.27;7.01;3.78;0.0;0.0;0.01;0.0;0.0;0.23;
#Summe:;147;Fichte;100;Fichte_2_147;2012;32.0;29.0;;;;;;;;0.97;1.08;;;48.46;
#
295;148;Fichte;100;Fichte_3_148;2012;32.0;29.0;Restholz 1 unten;Restholz 1 unten;0.3;25.43;32.37;22.29;7.01;0.96;1.07;0.0;0.0;48.24;
296;148;Fichte;100;Fichte_3_148;2012;32.0;29.0;Restholz 2;Restholz 2;25.73;3.27;7.01;3.78;0.0;0.0;0.01;0.0;0.0;0.23;
#Summe:;148;Fichte;100;Fichte_3_148;2012;32.0;29.0;;;;;;;;0.97;1.08;;;48.46;
#
297;149;Tanne;101;Tanne_1_149;2012;32.0;29.0;Restholz 1 unten;Restholz 1 unten;0.3;26.25;31.57;22.23;7.03;1.0;1.13;0.0;0.0;50.06;
298;149;Tanne;101;Tanne_1_149;2012;32.0;29.0;Restholz 2;Restholz 2;26.55;2.45;7.03;3.85;0.0;0.0;0.0;0.0;0.0;0.17;
#Summe:;149;Tanne;101;Tanne_1_149;2012;32.0;29.0;;;;;;;;1.0;1.13;;;50.23;
#
299;150;Tanne;101;Tanne_2_150;2012;32.0;29.0;Restholz 1 unten;Restholz 1 unten;0.3;26.25;31.57;22.23;7.03;1.0;1.13;0.0;0.0;50.06;
300;150;Tanne;101;Tanne_2_150;2012;32.0;29.0;Restholz 2;Restholz 2;26.55;2.45;7.03;3.85;0.0;0.0;0.0;0.0;0.0;0.17;
#Summe:;150;Tanne;101;Tanne_2_150;2012;32.0;29.0;;;;;;;;1.0;1.13;;;50.23;
#
301;151;Fichte;100;Fichte_1_151;2012;32.0;29.0;Restholz 1 unten;Restholz 1 unten;0.3;25.43;32.37;22.29;7.01;0.96;1.07;0.0;0.0;48.24;
302;151;Fichte;100;Fichte_1_151;2012;32.0;29.0;Restholz 2;Restholz 2;25.73;3.27;7.01;3.78;0.0;0.0;0.01;0.0;0.0;0.23;
#Summe:;151;Fichte;100;Fichte_1_151;2012;32.0;29.0;;;;;;;;0.97;1.08;;;48.46;
#
303;152;Fichte;100;Fichte_2_152;2012;32.0;29.0;Restholz 1 unten;Restholz 1 unten;0.3;25.43;32.37;22.29;7.01;0.96;1.07;0.0;0.0;48.24;
304;152;Fichte;100;Fichte_2_152;2012;32.0;29.0;Restholz 2;Restholz 2;25.73;3.27;7.01;3.78;0.0;0.0;0.01;0.0;0.0;0.23;
#Summe:;152;Fichte;100;Fichte_2_152;2012;32.0;29.0;;;;;;;;0.97;1.08;;;48.46;
#
305;153;Fichte;100;Fichte_3_153;2012;32.0;29.0;Restholz 1 unten;Restholz 1 unten;0.3;25.43;32.37;22.29;7.01;0.96;1.07;0.0;0.0;48.24;
306;153;Fichte;100;Fichte_3_153;2012;32.0;29.0;Restholz 2;Restholz 2;25.73;3.27;7.01;3.78;0.0;0.0;0.01;0.0;0.0;0.23;
#Summe:;153;Fichte;100;Fichte_3_153;2012;32.0;29.0;;;;;;;;0.97;1.08;;;48.46;
#
307;154;Tanne;101;Tanne_1_154;2012;32.0;29.0;Restholz 1 unten;Restholz 1 unten;0.3;26.25;31.57;22.23;7.03;1.0;1.13;0.0;0.0;50.06;
308;154;Tanne;101;Tanne_1_154;2012;32.0;29.0;Restholz 2;Restholz 2;26.55;2.45;7.03;3.85;0.0;0.0;0.0;0.0;0.0;0.17;
#Summe:;154;Tanne;101;Tanne_1_154;2012;32.0;29.0;;;;;;;;1.0;1.13;;;50.23;
#
309;155;Tanne;101;Tanne_2_155;2012;32.0;29.0;Restholz 1 unten;Restholz 1 unten;0.3;26.25;31.57;22.23;7.03;1.0;1.13;0.0;0.0;50.06;
310;155;Tanne;101;Tanne_2_155;2012;32.0;29.0;Restholz 2;Restholz 2;26.55;2.45;7.03;3.85;0.0;0.0;0.0;0.0;0.0;0.17;
#Summe:;155;Tanne;101;Tanne_2_155;2012;32.0;29.0;;;;;;;;1.0;1.13;;;50.23;
#
311;156;Fichte;100;Fichte_1_156;2012;32.0;29.0;Restholz 1 unten;Restholz 1 unten;0.3;25.43;32.37;22.29;7.01;0.96;1.07;0.0;0.0;48.24;
312;156;Fichte;100;Fichte_1_156;2012;32.0;29.0;Restholz 2;Restholz 2;25.73;3.27;7.01;3.78;0.0;0.0;0.01;0.0;0.0;0.23;
#Summe:;156;Fichte;100;Fichte_1_156;2012;32.0;29.0;;;;;;;;0.97;1.08;;;48.46;
#
313;157;Fichte;100;Fichte_2_157;2012;32.0;29.0;Restholz 1 unten;Restholz 1 unten;0.3;25.43;32.37;22.29;7.01;0.96;1.07;0.0;0.0;48.24;
314;157;Fichte;100;Fichte_2_157;2012;32.0;29.0;Restholz 2;Restholz 2;25.73;3.27;7.01;3.78;0.0;0.0;0.01;0.0;0.0;0.23;
#Summe:;157;Fichte;100;Fichte_2_157;2012;32.0;29.0;;;;;;;;0.97;1.08;;;48.46;
#
315;158;Fichte;100;Fichte_3_158;2012;32.0;29.0;Restholz 1 unten;Restholz 1 unten;0.3;25.43;32.37;22.29;7.01;0.96;1.07;0.0;0.0;48.24;
316;158;Fichte;100;Fichte_3_158;2012;32.0;29.0;Restholz 2;Restholz 2;25.73;3.27;7.01;3.78;0.0;0.0;0.01;0.0;0.0;0.23;
#Summe:;158;Fichte;100;Fichte_3_158;2012;32.0;29.0;;;;;;;;0.97;1.08;;;48.46;
#
317;159;Tanne;101;Tanne_1_159;2012;32.0;29.0;Restholz 1 unten;Restholz 1 unten;0.3;26.25;31.57;22.23;7.03;1.0;1.13;0.0;0.0;50.06;
318;159;Tanne;101;Tanne_1_159;2012;32.0;29.0;Restholz 2;Restholz 2;26.55;2.45;7.03;3.85;0.0;0.0;0.0;0.0;0.0;0.17;
#Summe:;159;Tanne;101;Tanne_1_159;2012;32.0;29.0;;;;;;;;1.0;1.13;;;50.23;
#
319;160;Tanne;101;Tanne_2_160;2012;32.0;29.0;Restholz 1 unten;Restholz 1 unten;0.3;26.25;31.57;22.23;7.03;1.0;1.13;0.0;0.0;50.06;
320;160;Tanne;101;Tanne_2_160;2012;32.0;29.0;Restholz 2;Restholz 2;26.55;2.45;7.03;3.85;0.0;0.0;0.0;0.0;0.0;0.17;
#Summe:;160;Tanne;101;Tanne_2_160;2012;32.0;29.0;;;;;;;;1.0;1.13;;;50.23;
#
321;161;Fichte;100;Fichte_1_161;2012;32.0;29.0;Restholz 1 unten;Restholz 1 unten;0.3;25.43;32.37;22.29;7.01;0.96;1.07;0.0;0.0;48.24;
322;161;Fichte;100;Fichte_1_161;2012;32.0;29.0;Restholz 2;Restholz 2;25.73;3.27;7.01;3.78;0.0;0.0;0.01;0.0;0.0;0.23;
#Summe:;161;Fichte;100;Fichte_1_161;2012;32.0;29.0;;;;;;;;0.97;1.08;;;48.46;
#
323;162;Fichte;100;Fichte_2_162;2012;32.0;29.0;Restholz 1 unten;Restholz 1 unten;0.3;25.43;32.37;22.29;7.01;0.96;1.07;0.0;0.0;48.24;
324;162;Fichte;100;Fichte_2_162;2012;32.0;29.0;Restholz 2;Restholz 2;25.73;3.27;7.01;3.78;0.0;0.0;0.01;0.0;0.0;0.23;
#Summe:;162;Fichte;100;Fichte_2_162;2012;32.0;29.0;;;;;;;;0.97;1.08;;;48.46;
#
325;163;Fichte;100;Fichte_3_163;2012;32.0;29.0;Restholz 1 unten;Restholz 1 unten;0.3;25.43;32.37;22.29;7.01;0.96;1.07;0.0;0.0;48.24;
326;163;Fichte;100;Fichte_3_163;2012;32.0;29.0;Restholz 2;Restholz 2;25.73;3.27;7.01;3.78;0.0;0.0;0.01;0.0;0.0;0.23;
#Summe:;163;Fichte;100;Fichte_3_163;2012;32.0;29.0;;;;;;;;0.97;1.08;;;48.46;
#
327;164;Tanne;101;Tanne_1_164;2012;32.0;29.0;Restholz 1 unten;Restholz 1 unten;0.3;26.25;31.57;22.23;7.03;1.0;1.13;0.0;0.0;50.06;
328;164;Tanne;101;Tanne_1_164;2012;32.0;29.0;Restholz 2;Restholz 2;26.55;2.45;7.03;3.85;0.0;0.0;0.0;0.0;0.0;0.17;
#Summe:;164;Tanne;101;Tanne_1_164;2012;32.0;29.0;;;;;;;;1.0;1.13;;;50.23;
#
329;165;Tanne;101;Tanne_2_165;2012;32.0;29.0;Restholz 1 unten;Restholz 1 unten;0.3;26.25;31.57;22.23;7.03;1.0;1.13;0.0;0.0;50.06;
330;165;Tanne;101;Tanne_2_165;2012;32.0;29.0;Restholz 2;Restholz 2;26.55;2.45;7.03;3.85;0.0;0.0;0.0;0.0;0.0;0.17;
#Summe:;165;Tanne;101;Tanne_2_165;2012;32.0;29.0;;;;;;;;1.0;1.13;;;50.23;
#
331;166;Fichte;100;Fichte_1_166;2012;32.0;29.0;Restholz 1 unten;Restholz 1 unten;0.3;25.43;32.37;22.29;7.01;0.96;1.07;0.0;0.0;48.24;
332;166;Fichte;100;Fichte_1_166;2012;32.0;29.0;Restholz 2;Restholz 2;25.73;3.27;7.01;3.78;0.0;0.0;0.01;0.0;0.0;0.23;
#Summe:;166;Fichte;100;Fichte_1_166;2012;32.0;29.0;;;;;;;;0.97;1.08;;;48.46;
#
333;167;Fichte;100;Fichte_2_167;2012;32.0;29.0;Restholz 1 unten;Restholz 1 unten;0.3;25.43;32.37;22.29;7.01;0.96;1.07;0.0;0.0;48.24;
334;167;Fichte;100;Fichte_2_167;2012;32.0;29.0;Restholz 2;Restholz 2;25.73;3.27;7.01;3.78;0.0;0.0;0.01;0.0;0.0;0.23;
#Summe:;167;Fichte;100;Fichte_2_167;2012;32.0;29.0;;;;;;;;0.97;1.08;;;48.46;
#
335;168;Fichte;100;Fichte_3_168;2012;32.0;29.0;Restholz 1 unten;Restholz 1 unten;0.3;25.43;32.37;22.29;7.01;0.96;1.07;0.0;0.0;48.24;
336;168;Fichte;100;Fichte_3_168;2012;32.0;29.0;Restholz 2;Restholz 2;25.73;3.27;7.01;3.78;0.0;0.0;0.01;0.0;0.0;0.23;
#Summe:;168;Fichte;100;Fichte_3_168;2012;32.0;29.0;;;;;;;;0.97;1.08;;;48.46;
#
337;169;Tanne;101;Tanne_1_169;2012;32.0;29.0;Restholz 1 unten;Restholz 1 unten;0.3;26.25;31.57;22.23;7.03;1.0;1.13;0.0;0.0;50.06;
338;169;Tanne;101;Tanne_1_169;2012;32.0;29.0;Restholz 2;Restholz 2;26.55;2.45;7.03;3.85;0.0;0.0;0.0;0.0;0.0;0.17;
#Summe:;169;Tanne;101;Tanne_1_169;2012;32.0;29.0;;;;;;;;1.0;1.13;;;50.23;
#
339;170;Tanne;101;Tanne_2_170;2012;32.0;29.0;Restholz 1 unten;Restholz 1 unten;0.3;26.25;31.57;22.23;7.03;1.0;1.13;0.0;0.0;50.06;
340;170;Tanne;101;Tanne_2_170;2012;32.0;29.0;Restholz 2;Restholz 2;26.55;2.45;7.03;3.85;0.0;0.0;0.0;0.0;0.0;0.17;
#Summe:;170;Tanne;101;Tanne_2_170;2012;32.0;29.0;;;;;;;;1.0;1.13;;;50.23;
#
341;171;Fichte;100;Fichte_1_171;2012;32.0;29.0;Restholz 1 unten;Restholz 1 unten;0.3;25.43;32.37;22.29;7.01;0.96;1.07;0.0;0.0;48.24;
342;171;Fichte;100;Fichte_1_171;2012;32.0;29.0;Restholz 2;Restholz 2;25.73;3.27;7.01;3.78;0.0;0.0;0.01;0.0;0.0;0.23;
#Summe:;171;Fichte;100;Fichte_1_171;2012;32.0;29.0;;;;;;;;0.97;1.08;;;48.46;
#
343;172;Fichte;100;Fichte_2_172;2012;32.0;29.0;Restholz 1 unten;Restholz 1 unten;0.3;25.43;32.37;22.29;7.01;0.96;1.07;0.0;0.0;48.24;
344;172;Fichte;100;Fichte_2_172;2012;32.0;29.0;Restholz 2;Restholz 2;25.73;3.27;7.01;3.78;0.0;0.0;0.01;0.0;0.0;0.23;
#Summe:;172;Fichte;100;Fichte_2_172;2012;32.0;29.0;;;;;;;;0.97;1.08;;;48.46;
#
345;173;Fichte;100;Fichte_3_173;2012;32.0;29.0;Restholz 1 unten;Restholz 1 unten;0.3;25.43;32.37;22.29;7.01;0.96;1.07;0.0;0.0;48.24;
346;173;Fichte;100;Fichte_3_173;2012;32.0;29.0;Restholz 2;Restholz 2;25.73;3.27;7.01;3.78;0.0;0.0;0.01;0.0;0.0;0.23;
#Summe:;173;Fichte;100;Fichte_3_173;2012;32.0;29.0;;;;;;;;0.97;1.08;;;48.46;
#
347;174;Tanne;101;Tanne_1_174;2012;32.0;29.0;Restholz 1 unten;Restholz 1 unten;0.3;26.25;31.57;22.23;7.03;1.0;1.13;0.0;0.0;50.06;
348;174;Tanne;101;Tanne_1_174;2012;32.0;29.0;Restholz 2;Restholz 2;26.55;2.45;7.03;3.85;0.0;0.0;0.0;0.0;0.0;0.17;
#Summe:;174;Tanne;101;Tanne_1_174;2012;32.0;29.0;;;;;;;;1.0;1.13;;;50.23;
#
349;175;Tanne;101;Tanne_2_175;2012;32.0;29.0;Restholz 1 unten;Restholz 1 unten;0.3;26.25;31.57;22.23;7.03;1.0;1.13;0.0;0.0;50.06;
350;175;Tanne;101;Tanne_2_175;2012;32.0;29.0;Restholz 2;Restholz 2;26.55;2.45;7.03;3.85;0.0;0.0;0.0;0.0;0.0;0.17;
#Summe:;175;Tanne;101;Tanne_2_175;2012;32.0;29.0;;;;;;;;1.0;1.13;;;50.23;
#
351;176;Fichte;100;Fichte_1_176;2012;32.0;29.0;Restholz 1 unten;Restholz 1 unten;0.3;25.43;32.37;22.29;7.01;0.96;1.07;0.0;0.0;48.24;
352;176;Fichte;100;Fichte_1_176;2012;32.0;29.0;Restholz 2;Restholz 2;25.73;3.27;7.01;3.78;0.0;0.0;0.01;0.0;0.0;0.23;
#Summe:;176;Fichte;100;Fichte_1_176;2012;32.0;29.0;;;;;;;;0.97;1.08;;;48.46;
#
353;177;Fichte;100;Fichte_2_177;2012;32.0;29.0;Restholz 1 unten;Restholz 1 unten;0.3;25.43;32.37;22.29;7.01;0.96;1.07;0.0;0.0;48.24;
354;177;Fichte;100;Fichte_2_177;2012;32.0;29.0;Restholz 2;Restholz 2;25.73;3.27;7.01;3.78;0.0;0.0;0.01;0.0;0.0;0.23;
#Summe:;177;Fichte;100;Fichte_2_177;2012;32.0;29.0;;;;;;;;0.97;1.08;;;48.46;
#
355;178;Fichte;100;Fichte_3_178;2012;32.0;29.0;Restholz 1 unten;Restholz 1 unten;0.3;25.43;32.37;22.29;7.01;0.96;1.07;0.0;0.0;48.24;
356;178;Fichte;100;Fichte_3_178;2012;32.0;29.0;Restholz 2;Restholz 2;25.73;3.27;7.01;3.78;0.0;0.0;0.01;0.0;0.0;0.23;
#Summe:;178;Fichte;100;Fichte_3_178;2012;32.0;29.0;;;;;;;;0.97;1.08;;;48.46;
#
357;179;Tanne;101;Tanne_1_179;2012;32.0;29.0;Restholz 1 unten;Restholz 1 unten;0.3;26.25;31.57;22.23;7.03;1.0;1.13;0.0;0.0;50.06;
358;179;Tanne;101;Tanne_1_179;2012;32.0;29.0;Restholz 2;Restholz 2;26.55;2.45;7.03;3.85;0.0;0.0;0.0;0.0;0.0;0.17;
#Summe:;179;Tanne;101;Tanne_1_179;2012;32.0;29.0;;;;;;;;1.0;1.13;;;50.23;
#
359;180;Tanne;101;Tanne_2_180;2012;32.0;29.0;Restholz 1 unten;Restholz 1 unten;0.3;26.25;31.57;22.23;7.03;1.0;1.13;0.0;0.0;50.06;
360;180;Tanne;101;Tanne_2_180;2012;32.0;29.0;Restholz 2;Restholz 2;26.55;2.45;7.03;3.85;0.0;0.0;0.0;0.0;0.0;0.17;
#Summe:;180;Tanne;101;Tanne_2_180;2012;32.0;29.0;;;;;;;;1.0;1.13;;;50.23;
#
361;181;Fichte;100;Fichte_1_181;2012;32.0;29.0;Restholz 1 unten;Restholz 1 unten;0.3;25.43;32.37;22.29;7.01;0.96;1.07;0.0;0.0;48.24;
362;181;Fichte;100;Fichte_1_181;2012;32.0;29.0;Restholz 2;Restholz 2;25.73;3.27;7.01;3.78;0.0;0.0;0.01;0.0;0.0;0.23;
#Summe:;181;Fichte;100;Fichte_1_181;2012;32.0;29.0;;;;;;;;0.97;1.08;;;48.46;
#
363;182;Fichte;100;Fichte_2_182;2012;32.0;29.0;Restholz 1 unten;Restholz 1 unten;0.3;25.43;32.37;22.29;7.01;0.96;1.07;0.0;0.0;48.24;
364;182;Fichte;100;Fichte_2_182;2012;32.0;29.0;Restholz 2;Restholz 2;25.73;3.27;7.01;3.78;0.0;0.0;0.01;0.0;0.0;0.23;
#Summe:;182;Fichte;100;Fichte_2_182;2012;32.0;29.0;;;;;;;;0.97;1.08;;;48.46;
#
365;183;Fichte;100;Fichte_3_183;2012;32.0;29.0;Restholz 1 unten;Restholz 1 unten;0.3;25.43;32.37;22.29;7.01;0.96;1.07;0.0;0.0;48.24;
366;183;Fichte;100;Fichte_3_183;2012;32.0;29.0;Restholz 2;Restholz 2;25.73;3.27;7.01;3.78;0.0;0.0;0.01;0.0;0.0;0.23;
#Summe:;183;Fichte;100;Fichte_3_183;2012;32.0;29.0;;;;;;;;0.97;1.08;;;48.46;
#
367;184;Tanne;101;Tanne_1_184;2012;32.0;29.0;Restholz 1 unten;Restholz 1 unten;0.3;26.25;31.57;22.23;7.03;1.0;1.13;0.0;0.0;50.06;
368;184;Tanne;101;Tanne_1_184;2012;32.0;29.0;Restholz 2;Restholz 2;26.55;2.45;7.03;3.85;0.0;0.0;0.0;0.0;0.0;0.17;
#Summe:;184;Tanne;101;Tanne_1_184;2012;32.0;29.0;;;;;;;;1.0;1.13;;;50.23;
#
369;185;Tanne;101;Tanne_2_185;2012;32.0;29.0;Restholz 1 unten;Restholz 1 unten;0.3;26.25;31.57;22.23;7.03;1.0;1.13;0.0;0.0;50.06;
370;185;Tanne;101;Tanne_2_185;2012;32.0;29.0;Restholz 2;Restholz 2;26.55;2.45;7.03;3.85;0.0;0.0;0.0;0.0;0.0;0.17;
#Summe:;185;Tanne;101;Tanne_2_185;2012;32.0;29.0;;;;;;;;1.0;1.13;;;50.23;
#
371;186;Fichte;100;Fichte_1_186;2012;32.0;29.0;Restholz 1 unten;Restholz 1 unten;0.3;25.43;32.37;22.29;7.01;0.96;1.07;0.0;0.0;48.24;
372;186;Fichte;100;Fichte_1_186;2012;32.0;29.0;Restholz 2;Restholz 2;25.73;3.27;7.01;3.78;0.0;0.0;0.01;0.0;0.0;0.23;
#Summe:;186;Fichte;100;Fichte_1_186;2012;32.0;29.0;;;;;;;;0.97;1.08;;;48.46;
#
373;187;Fichte;100;Fichte_2_187;2012;32.0;29.0;Restholz 1 unten;Restholz 1 unten;0.3;25.43;32.37;22.29;7.01;0.96;1.07;0.0;0.0;48.24;
374;187;Fichte;100;Fichte_2_187;2012;32.0;29.0;Restholz 2;Restholz 2;25.73;3.27;7.01;3.78;0.0;0.0;0.01;0.0;0.0;0.23;
#Summe:;187;Fichte;100;Fichte_2_187;2012;32.0;29.0;;;;;;;;0.97;1.08;;;48.46;
#
375;188;Fichte;100;Fichte_3_188;2012;32.0;29.0;Restholz 1 unten;Restholz 1 unten;0.3;25.43;32.37;22.29;7.01;0.96;1.07;0.0;0.0;48.24;
376;188;Fichte;100;Fichte_3_188;2012;32.0;29.0;Restholz 2;Restholz 2;25.73;3.27;7.01;3.78;0.0;0.0;0.01;0.0;0.0;0.23;
#Summe:;188;Fichte;100;Fichte_3_188;2012;32.0;29.0;;;;;;;;0.97;1.08;;;48.46;
#
377;189;Tanne;101;Tanne_1_189;2012;32.0;29.0;Restholz 1 unten;Restholz 1 unten;0.3;26.25;31.57;22.23;7.03;1.0;1.13;0.0;0.0;50.06;
378;189;Tanne;101;Tanne_1_189;2012;32.0;29.0;Restholz 2;Restholz 2;26.55;2.45;7.03;3.85;0.0;0.0;0.0;0.0;0.0;0.17;
#Summe:;189;Tanne;101;Tanne_1_189;2012;32.0;29.0;;;;;;;;1.0;1.13;;;50.23;
#
379;190;Tanne;101;Tanne_2_190;2012;32.0;29.0;Restholz 1 unten;Restholz 1 unten;0.3;26.25;31.57;22.23;7.03;1.0;1.13;0.0;0.0;50.06;
380;190;Tanne;101;Tanne_2_190;2012;32.0;29.0;Restholz 2;Restholz 2;26.55;2.45;7.03;3.85;0.0;0.0;0.0;0.0;0.0;0.17;
#Summe:;190;Tanne;101;Tanne_2_190;2012;32.0;29.0;;;;;;;;1.0;1.13;;;50.23;
#
381;191;Fichte;100;Fichte_1_191;2012;32.0;29.0;Restholz 1 unten;Restholz 1 unten;0.3;25.43;32.37;22.29;7.01;0.96;1.07;0.0;0.0;48.24;
382;191;Fichte;100;Fichte_1_191;2012;32.0;29.0;Restholz 2;Restholz 2;25.73;3.27;7.01;3.78;0.0;0.0;0.01;0.0;0.0;0.23;
#Summe:;191;Fichte;100;Fichte_1_191;2012;32.0;29.0;;;;;;;;0.97;1.08;;;48.46;
#
383;192;Fichte;100;Fichte_2_192;2012;32.0;29.0;Restholz 1 unten;Restholz 1 unten;0.3;25.43;32.37;22.29;7.01;0.96;1.07;0.0;0.0;48.24;
384;192;Fichte;100;Fichte_2_192;2012;32.0;29.0;Restholz 2;Restholz 2;25.73;3.27;7.01;3.78;0.0;0.0;0.01;0.0;0.0;0.23;
#Summe:;192;Fichte;100;Fichte_2_192;2012;32.0;29.0;;;;;;;;0.97;1.08;;;48.46;
#
385;193;Fichte;100;Fichte_3_193;2012;32.0;29.0;Restholz 1 unten;Restholz 1 unten;0.3;25.43;32.37;22.29;7.01;0.96;1.07;0.0;0.0;48.24;
386;193;Fichte;100;Fichte_3_193;2012;32.0;29.0;Restholz 2;Restholz 2;25.73;3.27;7.01;3.78;0.0;0.0;0.01;0.0;0.0;0.23;
#Summe:;193;Fichte;100;Fichte_3_193;2012;32.0;29.0;;;;;;;;0.97;1.08;;;48.46;
#
387;194;Tanne;101;Tanne_1_194;2012;32.0;29.0;Restholz 1 unten;Restholz 1 unten;0.3;26.25;31.57;22.23;7.03;1.0;1.13;0.0;0.0;50.06;
388;194;Tanne;101;Tanne_1_194;2012;32.0;29.0;Restholz 2;Restholz 2;26.55;2.45;7.03;3.85;0.0;0.0;0.0;0.0;0.0;0.17;
#Summe:;194;Tanne;101;Tanne_1_194;2012;32.0;29.0;;;;;;;;1.0;1.13;;;50.23;
#
389;195;Tanne;101;Tanne_2_195;2012;32.0;29.0;Restholz 1 unten;Restholz 1 unten;0.3;26.25;31.57;22.23;7.03;1.0;1.13;0.0;0.0;50.06;
390;195;Tanne;101;Tanne_2_195;2012;32.0;29.0;Restholz 2;Restholz 2;26.55;2.45;7.03;3.85;0.0;0.0;0.0;0.0;0.0;0.17;
#Summe:;195;Tanne;101;Tanne_2_195;2012;32.0;29.0;;;;;;;;1.0;1.13;;;50.23;
#
391;196;Fichte;100;Fichte_1_196;2012;32.0;29.0;Restholz 1 unten;Restholz 1 unten;0.3;25.43;32.37;22.29;7.01;0.96;1.07;0.0;0.0;48.24;
392;196;Fichte;100;Fichte_1_196;2012;32.0;29.0;Restholz 2;Restholz 2;25.73;3.27;7.01;3.78;0.0;0.0;0.01;0.0;0.0;0.23;
#Summe:;196;Fichte;100;Fichte_1_196;2012;32.0;29.0;;;;;;;;0.97;1.08;;;48.46;
#
393;197;Fichte;100;Fichte_2_197;2012;32.0;29.0;Restholz 1 unten;Restholz 1 unten;0.3;25.43;32.37;22.29;7.01;0.96;1.07;0.0;0.0;48.24;
394;197;Fichte;100;Fichte_2_197;2012;32.0;29.0;Restholz 2;Restholz 2;25.73;3.27;7.01;3.78;0.0;0.0;0.01;0.0;0.0;0.23;
#Summe:;197;Fichte;100;Fichte_2_197;2012;32.0;29.0;;;;;;;;0.97;1.08;;;48.46;
#
395;198;Fichte;100;Fichte_3_198;2012;32.0;29.0;Restholz 1 unten;Restholz 1 unten;0.3;25.43;32.37;22.29;7.01;0.96;1.07;0.0;0.0;48.24;
396;198;Fichte;100;Fichte_3_198;2012;32.0;29.0;Restholz 2;Restholz 2;25.73;3.27;7.01;3.78;0.0;0.0;0.01;0.0;0.0;0.23;
#Summe:;198;Fichte;100;Fichte_3_198;2012;32.0;29.0;;;;;;;;0.97;1.08;;;48.46;
#
397;199;Tanne;101;Tanne_1_199;2012;32.0;29.0;Restholz 1 unten;Restholz 1 unten;0.3;26.25;31.57;22.23;7.03;1.0;1.13;0.0;0.0;50.06;
398;199;Tanne;101;Tanne_1_199;2012;32.0;29.0;Restholz 2;Restholz 2;26.55;2.45;7.03;3.85;0.0;0.0;0.0;0.0;0.0;0.17;
#Summe:;199;Tanne;101;Tanne_1_199;2012;32.0;29.0;;;;;;;;1.0;1.13;;;50.23;
#
399;200;Tanne;101;Tanne_2_200;2012;32.0;29.0;Restholz 1 unten;Restholz 1 unten;0.3;26.25;31.57;22.23;7.03;1.0;1.13;0.0;0.0;50.06;
400;200;Tanne;101;Tanne_2_200;2012;32.0;29.0;Restholz 2;Restholz 2;26.55;2.45;7.03;3.85;0.0;0.0;0.0;0.0;0.0;0.17;
#Summe:;200;Tanne;101;Tanne_2_200;2012;32.0;29.0;;;;;;;;1.0;1.13;;;50.23;
#
401;201;Fichte;100;Fichte_1_201;2012;32.0;29.0;Restholz 1 unten;Restholz 1 unten;0.3;25.43;32.37;22.29;7.01;0.96;1.07;0.0;0.0;48.24;
402;201;Fichte;100;Fichte_1_201;2012;32.0;29.0;Restholz 2;Restholz 2;25.73;3.27;7.01;3.78;0.0;0.0;0.01;0.0;0.0;0.23;
#Summe:;201;Fichte;100;Fichte_1_201;2012;32.0;29.0;;;;;;;;0.97;1.08;;;48.46;
#
403;202;Fichte;100;Fichte_2_202;2012;32.0;29.0;Restholz 1 unten;Restholz 1 unten;0.3;25.43;32.37;22.29;7.01;0.96;1.07;0.0;0.0;48.24;
404;202;Fichte;100;Fichte_2_202;2012;32.0;29.0;Restholz 2;Restholz 2;25.73;3.27;7.01;3.78;0.0;0.0;0.01;0.0;0.0;0.23;
#Summe:;202;Fichte;100;Fichte_2_202;2012;32.0;29.0;;;;;;;;0.97;1.08;;;48.46;
#
405;203;Fichte;100;Fichte_3_203;2012;32.0;29.0;Restholz 1 unten;Restholz 1 unten;0.3;25.43;32.37;22.29;7.01;0.96;1.07;0.0;0.0;48.24;
406;203;Fichte;100;Fichte_3_203;2012;32.0;29.0;Restholz 2;Restholz 2;25.73;3.27;7.01;3.78;0.0;0.0;0.01;0.0;0.0;0.23;
#Summe:;203;Fichte;100;Fichte_3_203;2012;32.0;29.0;;;;;;;;0.97;1.08;;;48.46;
#
407;204;Tanne;101;Tanne_1_204;2012;32.0;29.0;Restholz 1 unten;Restholz 1 unten;0.3;26.25;31.57;22.23;7.03;1.0;1.13;0.0;0.0;50.06;
408;204;Tanne;101;Tanne_1_204;2012;32.0;29.0;Restholz 2;Restholz 2;26.55;2.45;7.03;3.85;0.0;0.0;0.0;0.0;0.0;0.17;
#Summe:;204;Tanne;101;Tanne_1_204;2012;32.0;29.0;;;;;;;;1.0;1.13;;;50.23;
#
409;205;Tanne;101;Tanne_2_205;2012;32.0;29.0;Restholz 1 unten;Restholz 1 unten;0.3;26.25;31.57;22.23;7.03;1.0;1.13;0.0;0.0;50.06;
410;205;Tanne;101;Tanne_2_205;2012;32.0;29.0;Restholz 2;Restholz 2;26.55;2.45;7.03;3.85;0.0;0.0;0.0;0.0;0.0;0.17;
#Summe:;205;Tanne;101;Tanne_2_205;2012;32.0;29.0;;;;;;;;1.0;1.13;;;50.23;
#
411;206;Fichte;100;Fichte_1_206;2012;32.0;29.0;Restholz 1 unten;Restholz 1 unten;0.3;25.43;32.37;22.29;7.01;0.96;1.07;0.0;0.0;48.24;
412;206;Fichte;100;Fichte_1_206;2012;32.0;29.0;Restholz 2;Restholz 2;25.73;3.27;7.01;3.78;0.0;0.0;0.01;0.0;0.0;0.23;
#Summe:;206;Fichte;100;Fichte_1_206;2012;32.0;29.0;;;;;;;;0.97;1.08;;;48.46;
#
413;207;Fichte;100;Fichte_2_207;2012;32.0;29.0;Restholz 1 unten;Restholz 1 unten;0.3;25.43;32.37;22.29;7.01;0.96;1.07;0.0;0.0;48.24;
414;207;Fichte;100;Fichte_2_207;2012;32.0;29.0;Restholz 2;Restholz 2;25.73;3.27;7.01;3.78;0.0;0.0;0.01;0.0;0.0;0.23;
#Summe:;207;Fichte;100;Fichte_2_207;2012;32.0;29.0;;;;;;;;0.97;1.08;;;48.46;
#
415;208;Fichte;100;Fichte_3_208;2012;32.0;29.0;Restholz 1 unten;Restholz 1 unten;0.3;25.43;32.37;22.29;7.01;0.96;1.07;0.0;0.0;48.24;
416;208;Fichte;100;Fichte_3_208;2012;32.0;29.0;Restholz 2;Restholz 2;25.73;3.27;7.01;3.78;0.0;0.0;0.01;0.0;0.0;0.23;
#Summe:;208;Fichte;100;Fichte_3_208;2012;32.0;29.0;;;;;;;;0.97;1.08;;;48.46;
#
417;209;Tanne;101;Tanne_1_209;2012;32.0;29.0;Restholz 1 unten;Restholz 1 unten;0.3;26.25;31.57;22.23;7.03;1.0;1.13;0.0;0.0;50.06;
418;209;Tanne;101;Tanne_1_209;2012;32.0;29.0;Restholz 2;Restholz 2;26.55;2.45;7.03;3.85;0.0;0.0;0.0;0.0;0.0;0.17;
#Summe:;209;Tanne;101;Tanne_1_209;2012;32.0;29.0;;;;;;;;1.0;1.13;;;50.23;
#
419;210;Tanne;101;Tanne_2_210;2012;32.0;29.0;Restholz 1 unten;Restholz 1 unten;0.3;26.25;31.57;22.23;7.03;1.0;1.13;0.0;0.0;50.06;
420;210;Tanne;101;Tanne_2_210;2012;32.0;29.0;Restholz 2;Restholz 2;26.55;2.45;7.03;3.85;0.0;0.0;0.0;0.0;0.0;0.17;
#Summe:;210;Tanne;101;Tanne_2_210;2012;32.0;29.0;;;;;;;;1.0;1.13;;;50.23;
#
421;211;Fichte;100;Fichte_1_211;2012;32.0;29.0;Restholz 1 unten;Restholz 1 unten;0.3;25.43;32.37;22.29;7.01;0.96;1.07;0.0;0.0;48.24;
422;211;Fichte;100;Fichte_1_211;2012;32.0;29.0;Restholz 2;Restholz 2;25.73;3.27;7.01;3.78;0.0;0.0;0.01;0.0;0.0;0.23;
#Summe:;211;Fichte;100;Fichte_1_211;2012;32.0;29.0;;;;;;;;0.97;1.08;;;48.46;
#
423;212;Fichte;100;Fichte_2_212;2012;32.0;29.0;Restholz 1 unten;Restholz 1 unten;0.3;25.43;32.37;22.29;7.01;0.96;1.07;0.0;0.0;48.24;
424;212;Fichte;100;Fichte_2_212;2012;32.0;29.0;Restholz 2;Restholz 2;25.73;3.27;7.01;3.78;0.0;0.0;0.01;0.0;0.0;0.23;
#Summe:;212;Fichte;100;Fichte_2_212;2012;32.0;29.0;;;;;;;;0.97;1.08;;;48.46;
#
425;213;Fichte;100;Fichte_3_213;2012;32.0;29.0;Restholz 1 unten;Restholz 1 unten;0.3;25.43;32.37;22.29;7.01;0.96;1.07;0.0;0.0;48.24;
426;213;Fichte;100;Fichte_3_213;2012;32.0;29.0;Restholz 2;Restholz 2;25.73;3.27;7.01;3.78;0.0;0.0;0.01;0.0;0.0;0.23;
#Summe:;213;Fichte;100;Fichte_3_213;2012;32.0;29.0;;;;;;;;0.97;1.08;;;48.46;
#
427;214;Tanne;101;Tanne_1_214;2012;32.0;29.0;Restholz 1 unten;Restholz 1 unten;0.3;26.25;31.57;22.23;7.03;1.0;1.13;0.0;0.0;50.06;
428;214;Tanne;101;Tanne_1_214;2012;32.0;29.0;Restholz 2;Restholz 2;26.55;2.45;7.03;3.85;0.0;0.0;0.0;0.0;0.0;0.17;
#Summe:;214;Tanne;101;Tanne_1_214;2012;32.0;29.0;;;;;;;;1.0;1.13;;;50.23;
#
429;215;Tanne;101;Tanne_2_215;2012;32.0;29.0;Restholz 1 unten;Restholz 1 unten;0.3;26.25;31.57;22.23;7.03;1.0;1.13;0.0;0.0;50.06;
430;215;Tanne;101;Tanne_2_215;2012;32.0;29.0;Restholz 2;Restholz 2;26.55;2.45;7.03;3.85;0.0;0.0;0.0;0.0;0.0;0.17;
#Summe:;215;Tanne;101;Tanne_2_215;2012;32.0;29.0;;;;;;;;1.0;1.13;;;50.23;
#
#Gesamtwert: ;;10571.43
#Gesamtvolumen OR m3: ;;211.43
#Anzahl Sortimente: ;;430
#Mittleres Stückvolumen [m3] ;;0.49
#
#Gruppierungsmerkmal;Baumart;Längenklasse;Stärkenklasse;Volumen OR [m3];Volumen IR [m3];Wert [CHF];Anzahl
#2012;Fichte;Restholz;Restholz;66.88;74.24;3343.92;138
#
#2012;Tanne;Restholz;Restholz;47.22;53.34;2360.79;94
#
#2010;Fichte;Restholz;Restholz;58.16;64.56;2907.76;120
#
#2010;Tanne;Restholz;Restholz;39.18;44.26;1958.95;78
#
